Year,Population
0,49527
100,54040
200,58970
300,64357
400,70246
500,76689
600,83747
700,91489
800,100000
900,100000
1000,100000
1100,119999
1200,140000
1300,159999
1400,179999
1500,200000
1600,200000
1700,200000
1710,227284
1720,264289
1730,308210
1740,360422
1750,422572
1760,496640
1770,584998
1780,690497
1790,816556
1800,500000
1801,512396
1802,525100
1803,538119
1804,551460
1805,565132
1806,579143
1807,593502
1808,608216
1809,623296
1810,639132
1811,654978
1812,671216
1813,687858
1814,704911
1815,722388
1816,740298
1817,758652
1818,777461
1819,798664
1820,822390
1821,848776
1822,877963
1823,910099
1824,943411
1825,977943
1826,1013738
1827,1050844
1828,1089308
1829,1129501
1830,1171497
1831,1215377
1832,1261221
1833,1309115
1834,1358828
1835,1410429
1836,1463990
1837,1519584
1838,1577290
1839,1637493
1840,1700301
1841,1765826
1842,1834182
1843,1905491
1844,1979572
1845,2056533
1846,2136487
1847,2219548
1848,2305839
1849,2391522
1850,2476448
1851,2559525
1852,2641465
1853,2722093
1854,2805181
1855,2890805
1856,2979043
1857,3069973
1858,3163678
1859,3247283
1860,3320338
1861,3382380
1862,3432927
1863,3471484
1864,3510473
1865,3549900
1866,3589769
1867,3630086
1868,3670854
1869,3714561
1870,3761273
1871,3811061
1872,3863995
1873,3920147
1874,3977115
1875,4034909
1876,4093544
1877,4153029
1878,4213379
1879,4271701
1880,4327935
1881,4382020
1882,4433891
1883,4483484
1884,4533631
1885,4584338
1886,4635612
1887,4687459
1888,4739885
1889,4791824
1890,4843260
1891,4894177
1892,4944559
1893,4994388
1894,5044719
1895,5095557
1896,5146906
1897,5198771
1898,5251159
1899,5322809
1900,5414425
1901,5526732
1902,5660474
1903,5816421
1904,5976663
1905,6141319
1906,6310511
1907,6484363
1908,6663003
1909,6835990
1910,7002961
1911,7163537
1912,7317326
1913,7463921
1914,7613451
1915,7765975
1916,7921554
1917,8080249
1918,8245222
1919,8408944
1920,8571309
1921,8732206
1922,8891519
1923,9049130
1924,9209535
1925,9372783
1926,9538925
1927,9708012
1928,9880096
1929,10041248
1930,10191122
1931,10329362
1932,10455609
1933,10569491
1934,10684614
1935,10800991
1936,10918635
1937,11037560
1938,11157781
1939,11296195
1940,11453308
1941,11629639
1942,11825718
1943,12042086
1944,12262412
1945,12486770
1946,12715233
1947,12947875
1948,13184774
1949,13449459
1950,13743068
1951,14085723
1952,14485746
1953,14901533
1954,15323199
1955,15733926
1956,16167046
1957,16650052
1958,17113392
1959,17524910
1960,17909358
1961,18273690
1962,18622354
1963,18971014
1964,19326326
1965,19688808
1966,20055242
1967,20408046
1968,20731928
1969,21033938
1970,21434580
1971,21888686
1972,22222228
1973,22502026
1974,22812430
1975,23136250
1976,23442118
1977,23715310
1978,23962686
1979,24219116
1980,24511512
1981,24815780
1982,25101514
1983,25360732
1984,25602080
1985,25843920
1986,26116076
1987,26436886
1988,26815068
1989,27244408
1990,27657206
1991,28015762
1992,28347644
1993,28668168
1994,28981190
1995,29289430
1996,29593856
1997,29882752
1998,30144816
1999,30399776
2000,30683316
2001,31002768
2002,31322400
2003,31619456
2004,31911670
2005,32215914
2006,32531864
2007,32862458
2008,33218542
2009,33593920
2010,33963416
2011,34323536
2012,34691876
2013,35063696
2014,35404616
2015,35732120
2016,36113532
2017,36554344
2018,37035260
2019,37522584
2020,37888704
2021,38155012
