Date:unix_timestamp,Average Daily Temperature (Celcius)
788936400,-6.7
789022800,-5.4
789109200,-6.7
789195600,-7.4
789282000,-13.5
789368400,-4.1
789454800,-3.2
789541200,-9.4
789627600,-8.2
789714000,-18.3
789800400,-21.2
789886800,-13.5
789973200,-4.8
790059600,-1.9
790146000,4.9
790232400,5.1
790318800,0.9
790405200,-1.1
790491600,1.7
790578000,2.0
790664400,1.4
790750800,-1.2
790837200,-3.3
790923600,-3.3
791010000,-3.9
791096400,-11.2
791182800,-13.3
791269200,-14.6
791355600,-12.9
791442000,-6.3
791528400,-2.8
791614800,0.4
791701200,-9.6
791787600,-12.7
791874000,-10.8
791960400,-13.1
792046800,-24.7
792133200,-20.5
792219600,-17.7
792306000,-9.6
792392400,-9.1
792478800,-7.1
792565200,-15.3
792651600,-12.6
792738000,-9.6
792824400,-7.9
792910800,0.2
792997200,-5.0
793083600,-0.8
793170000,-1.5
793256400,-3.1
793342800,-4.2
793429200,-7.3
793515600,-3.9
793602000,-2.0
793688400,-14.0
793774800,-17.9
793861200,-15.1
793947600,-8.6
794034000,-6.3
794120400,-8.8
794206800,-13.3
794293200,-7.5
794379600,-6.6
794466000,-5.3
794552400,-2.8
794638800,3.6
794725200,-6.7
794811600,-11.6
794898000,-9.2
794984400,-3.2
795070800,4.6
795157200,5.9
795243600,5.3
795330000,5.7
795416400,3.8
795502800,2.9
795589200,3.0
795675600,4.2
795762000,7.3
795848400,4.3
795934800,3.9
796021200,-0.2
796107600,1.2
796194000,4.2
796280400,3.7
796366800,4.0
796453200,5.6
796539600,6.3
796626000,4.3
796712400,-0.4
796798800,0.3
796885200,2.3
796971600,3.2
797058000,-10.0
797144400,-7.4
797230800,-3.6
797317200,0.1
797403600,4.9
797490000,-1.0
797576400,3.4
797662800,8.7
797749200,8.5
797835600,5.2
797922000,1.7
798008400,1.7
798094800,2.0
798181200,5.9
798267600,11.6
798354000,8.7
798440400,8.4
798526800,9.5
798613200,4.7
798699600,3.7
798786000,6.5
798872400,9.4
798958800,8.8
799045200,9.9
799131600,8.4
799218000,7.6
799304400,10.9
799390800,12.2
799477200,13.2
799563600,13.5
799650000,14.0
799736400,10.1
799822800,5.1
799909200,8.8
799995600,13.8
800082000,14.3
800168400,11.9
800254800,11.2
800341200,14.9
800427600,16.7
800514000,12.7
800600400,11.1
800686800,11.8
800773200,12.1
800859600,12.6
800946000,13.5
801032400,15.7
801118800,13.6
801205200,14.7
801291600,15.8
801378000,15.2
801464400,16.9
801550800,14.6
801637200,16.7
801723600,15.0
801810000,17.9
801896400,19.9
801982800,21.0
802069200,20.1
802155600,17.4
802242000,16.1
802328400,17.6
802414800,19.3
802501200,22.6
802587600,14.5
802674000,15.2
802760400,17.2
802846800,20.2
802933200,17.8
803019600,16.9
803106000,18.7
803192400,18.1
803278800,18.8
803365200,21.3
803451600,24.2
803538000,27.1
803624400,23.3
803710800,20.3
803797200,21.1
803883600,23.3
803970000,24.4
804056400,25.6
804142800,24.7
804229200,22.8
804315600,21.8
804402000,24.1
804488400,25.7
804574800,23.5
804661200,20.4
804747600,18.1
804834000,21.7
804920400,24.7
805006800,25.3
805093200,23.6
805179600,20.6
805266000,18.0
805352400,18.7
805438800,20.4
805525200,21.2
805611600,24.2
805698000,28.5
805784400,26.3
805870800,21.4
805957200,17.8
806043600,21.1
806130000,21.0
806216400,20.6
806302800,21.8
806389200,22.7
806475600,21.8
806562000,21.1
806648400,23.3
806734800,24.6
806821200,23.6
806907600,23.3
806994000,25.8
807080400,23.0
807166800,23.1
807253200,24.8
807339600,19.0
807426000,20.7
807512400,23.0
807598800,21.3
807685200,18.4
807771600,20.5
807858000,20.8
807944400,21.7
808030800,22.7
808117200,23.7
808203600,24.5
808290000,19.3
808376400,21.1
808462800,25.6
808549200,25.4
808635600,24.2
808722000,23.8
808808400,21.0
808894800,22.8
808981200,25.1
809067600,19.5
809154000,17.5
809240400,17.9
809326800,14.7
809413200,15.9
809499600,19.8
809586000,17.9
809672400,20.6
809758800,17.2
809845200,17.6
809931600,19.9
810018000,15.4
810104400,15.9
810190800,18.7
810277200,19.7
810363600,15.4
810450000,17.2
810536400,10.0
810622800,12.7
810709200,11.6
810795600,11.3
810882000,16.3
810968400,20.6
811054800,17.4
811141200,11.5
811227600,12.6
811314000,15.9
811400400,10.7
811486800,10.7
811573200,12.9
811659600,14.4
811746000,16.1
811832400,10.2
811918800,8.0
812005200,10.9
812091600,13.6
812178000,12.9
812264400,10.1
812350800,9.5
812437200,13.7
812523600,14.6
812610000,16.2
812696400,13.0
812782800,11.0
812869200,12.5
812955600,10.8
813042000,13.4
813128400,13.8
813214800,11.8
813301200,11.4
813387600,13.5
813474000,16.9
813560400,17.8
813646800,16.2
813733200,12.6
813819600,7.3
813906000,5.6
813992400,10.8
814078800,8.9
814165200,12.4
814251600,17.3
814338000,9.7
814424400,11.6
814510800,12.1
814597200,10.4
814683600,9.1
814770000,10.2
814856400,13.1
814942800,7.3
815029200,1.3
815115600,1.4
815202000,2.6
815288400,6.3
815374800,8.5
815461200,2.1
815547600,1.1
815634000,4.7
815720400,4.2
815806800,2.9
815893200,-4.2
815979600,-3.7
816066000,9.4
816152400,3.7
816238800,-4.8
816325200,0.6
816411600,1.4
816498000,1.6
816584400,-2.2
816670800,-3.6
816757200,-1.5
816843600,-0.2
816930000,2.8
817016400,0.3
817102800,-2.2
817189200,-6.2
817275600,-8.1
817362000,-2.3
817448400,-5.5
817534800,-5.3
817621200,-10.9
817707600,-12.1
817794000,-2.1
817880400,-4.3
817966800,-10.4
818053200,-5.8
818139600,-9.6
818226000,-2.4
818312400,-6.8
818398800,-13.4
818485200,-12.7
818571600,-9.2
818658000,-13.3
818744400,-15.7
818830800,-15.8
818917200,-15.2
819003600,-7.7
819090000,-5.9
819176400,-4.9
819262800,-9.9
819349200,-15.3
819435600,-10.6
819522000,-10.4
819608400,-3.6
819694800,-2.5
819781200,-5.7
819867600,-5.6
819954000,-7.2
820040400,-7.7
820126800,-5.9
820213200,-8.4
820299600,-5.8
820386000,-2.9
820472400,-11.4
820558800,-18.2
820645200,-19.3
820731600,-21.3
820818000,-21.4
820904400,-22.5
820990800,-21.7
821077200,-20.1
821163600,-12.9
821250000,-11.8
821336400,-16.1
821422800,-12.8
821509200,-8.1
821595600,-7.6
821682000,-14.5
821768400,-16.7
821854800,-0.6
821941200,5.0
822027600,8.5
822114000,-8.1
822200400,-8.8
822286800,-4.3
822373200,0.6
822459600,1.6
822546000,-9.4
822632400,-9.7
822718800,-0.2
822805200,-6.8
822891600,-11.5
822978000,-4.6
823064400,-13.3
823150800,-18.1
823237200,-14.5
823323600,-18.1
823410000,-18.9
823496400,-15.6
823582800,-13.1
823669200,-8.4
823755600,-0.3
823842000,1.2
823928400,-5.0
824014800,-5.4
824101200,-13.8
824187600,-19.3
824274000,-14.6
824360400,-14.3
824446800,-11.9
824533200,-10.1
824619600,-12.5
824706000,-12.8
824792400,1.1
824878800,5.7
824965200,2.6
825051600,2.2
825138000,3.5
825224400,2.1
825310800,-1.3
825397200,-2.8
825483600,-0.9
825570000,-10.0
825656400,-6.8
825742800,-2.7
825829200,-2.6
825915600,-9.2
826002000,-6.8
826088400,-8.4
826174800,-11.6
826261200,-10.6
826347600,-11.8
826434000,-8.7
826520400,-3.7
826606800,-0.7
826693200,1.8
826779600,6.6
826866000,1.8
826952400,-3.3
827038800,-2.2
827125200,0.2
827211600,3.8
827298000,2.2
827384400,1.0
827470800,-0.3
827557200,-3.3
827643600,-2.3
827730000,5.7
827816400,3.7
827902800,-7.2
827989200,-5.8
828075600,0.7
828162000,0.3
828248400,1.3
828334800,4.1
828421200,1.8
828507600,-0.3
828594000,-1.3
828680400,1.3
828766800,1.0
828853200,4.4
828939600,2.3
829026000,1.7
829112400,1.6
829198800,5.9
829285200,7.4
829371600,2.5
829458000,2.4
829544400,3.7
829630800,6.1
829717200,3.1
829803600,4.6
829890000,11.0
829976400,9.5
830062800,13.2
830149200,10.8
830235600,10.3
830322000,4.9
830408400,5.3
830494800,11.1
830581200,5.6
830667600,4.4
830754000,7.9
830840400,9.6
830926800,10.2
831013200,9.2
831099600,11.1
831186000,11.9
831272400,9.9
831358800,8.9
831445200,10.8
831531600,13.8
831618000,15.1
831704400,12.9
831790800,9.4
831877200,4.4
831963600,6.5
832050000,8.7
832136400,12.4
832222800,13.8
832309200,13.6
832395600,17.6
832482000,18.7
832568400,21.2
832654800,20.1
832741200,17.3
832827600,15.5
832914000,12.1
833000400,10.1
833086800,11.8
833173200,13.6
833259600,15.9
833346000,8.8
833432400,10.3
833518800,15.2
833605200,18.1
833691600,19.0
833778000,20.4
833864400,18.0
833950800,17.5
834037200,16.9
834123600,16.5
834210000,14.7
834296400,17.5
834382800,20.8
834469200,22.4
834555600,21.6
834642000,20.7
834728400,20.6
834814800,19.8
834901200,17.8
834987600,20.6
835074000,20.9
835160400,21.7
835246800,19.6
835333200,21.9
835419600,16.3
835506000,17.5
835592400,16.3
835678800,17.4
835765200,15.5
835851600,16.1
835938000,16.9
836024400,18.2
836110800,19.4
836197200,22.7
836283600,22.8
836370000,21.3
836456400,17.9
836542800,19.4
836629200,20.8
836715600,17.9
836802000,21.1
836888400,20.9
836974800,17.2
837061200,18.7
837147600,21.4
837234000,21.6
837320400,22.1
837406800,21.6
837493200,21.2
837579600,21.8
837666000,22.7
837752400,22.0
837838800,16.9
837925200,20.4
838011600,19.9
838098000,20.7
838184400,21.6
838270800,22.0
838357200,21.4
838443600,20.0
838530000,19.1
838616400,20.3
838702800,21.2
838789200,19.2
838875600,19.0
838962000,18.7
839048400,21.4
839134800,21.9
839221200,23.7
839307600,24.7
839394000,25.1
839480400,25.3
839566800,23.3
839653200,18.6
839739600,15.9
839826000,18.0
839912400,21.7
839998800,19.4
840085200,21.4
840171600,21.6
840258000,21.2
840344400,20.3
840430800,19.9
840517200,20.4
840603600,24.2
840690000,20.4
840776400,22.6
840862800,20.4
840949200,22.2
841035600,19.4
841122000,17.8
841208400,18.0
841294800,19.5
841381200,16.9
841467600,20.5
841554000,21.3
841640400,22.4
841726800,21.6
841813200,22.1
841899600,24.2
841986000,22.9
842072400,21.9
842158800,18.1
842245200,18.4
842331600,18.9
842418000,18.1
842504400,19.7
842590800,18.1
842677200,14.1
842763600,12.7
842850000,13.1
842936400,15.6
843022800,16.3
843109200,15.9
843195600,15.8
843282000,16.9
843368400,13.7
843454800,10.7
843541200,9.8
843627600,10.7
843714000,11.2
843800400,12.8
843886800,15.5
843973200,14.3
844059600,11.0
844146000,12.9
844232400,16.2
844318800,6.7
844405200,2.8
844491600,3.5
844578000,8.8
844664400,12.6
844750800,12.9
844837200,10.9
844923600,9.3
845010000,3.2
845096400,6.1
845182800,10.3
845269200,11.0
845355600,2.1
845442000,8.1
845528400,6.9
845614800,7.4
845701200,10.7
845787600,8.9
845874000,6.5
845960400,7.6
846046800,9.6
846133200,10.6
846219600,10.6
846306000,7.8
846392400,8.8
846478800,12.2
846565200,5.9
846651600,5.1
846738000,7.6
846824400,3.1
846910800,1.9
846997200,-1.8
847083600,2.4
847170000,4.7
847256400,4.9
847342800,10.3
847429200,15.4
847515600,8.9
847602000,3.6
847688400,2.4
847774800,-2.2
847861200,-5.2
847947600,-6.4
848034000,-7.7
848120400,-4.5
848206800,-0.3
848293200,0.8
848379600,0.9
848466000,0.7
848552400,-1.4
848638800,-0.2
848725200,-0.7
848811600,-9.6
848898000,-6.3
848984400,-4.3
849070800,-4.9
849157200,-6.1
849243600,-4.1
849330000,0.4
849416400,5.0
849502800,5.1
849589200,1.0
849675600,0.9
849762000,0.4
849848400,0.8
849934800,0.1
850021200,0.9
850107600,-0.2
850194000,-2.1
850280400,-2.0
850366800,-1.9
850453200,1.8
850539600,1.1
850626000,1.1
850712400,3.1
850798800,4.3
850885200,5.2
850971600,0.9
851058000,-4.2
851144400,-6.4
851230800,-2.9
851317200,0.0
851403600,3.2
851490000,-7.2
851576400,-8.7
851662800,-5.3
851749200,-3.4
851835600,1.1
851922000,-7.5
852008400,-16.6
852094800,-17.2
852181200,-11.7
852267600,-7.5
852354000,-3.3
852440400,-0.2
852526800,0.4
852613200,-8.2
852699600,-11.4
852786000,-11.2
852872400,-7.2
852958800,-5.3
853045200,-11.1
853131600,-7.8
853218000,-5.7
853304400,-2.9
853390800,-0.4
853477200,-21.9
853563600,-23.7
853650000,-19.9
853736400,-6.2
853822800,-11.2
853909200,-3.4
853995600,-3.0
854082000,-17.8
854168400,-0.9
854254800,-13.5
854341200,-19.3
854427600,-9.8
854514000,-16.4
854600400,-21.3
854686800,-13.6
854773200,-4.9
854859600,-3.6
854946000,-4.3
855032400,-6.9
855118800,-2.8
855205200,-3.6
855291600,-3.9
855378000,-14.2
855464400,-15.9
855550800,-5.6
855637200,-10.4
855723600,-8.1
855810000,-14.8
855896400,-15.2
855982800,-4.7
856069200,-15.0
856155600,-18.1
856242000,-3.6
856328400,5.6
856414800,-5.1
856501200,-1.3
856587600,-3.4
856674000,-10.3
856760400,-9.2
856846800,-14.9
856933200,-1.6
857019600,2.1
857106000,-2.6
857192400,-0.9
857278800,3.6
857365200,-5.2
857451600,-6.6
857538000,-3.3
857624400,-2.8
857710800,-6.6
857797200,-8.3
857883600,-10.7
857970000,-2.0
858056400,-0.1
858142800,-6.3
858229200,-11.9
858315600,-11.6
858402000,-3.9
858488400,-10.1
858574800,-8.4
858661200,-5.3
858747600,-6.9
858834000,-2.4
858920400,-3.8
859006800,-2.8
859093200,-9.8
859179600,-8.7
859266000,-3.9
859352400,2.2
859438800,2.2
859525200,4.2
859611600,5.3
859698000,3.1
859784400,-0.8
859870800,-0.1
859957200,3.1
860043600,2.7
860130000,6.1
860216400,5.7
860302800,8.2
860389200,7.3
860475600,-0.9
860562000,-6.1
860648400,-3.2
860734800,0.8
860821200,2.1
860907600,1.3
860994000,1.3
861080400,2.4
861166800,8.1
861253200,6.8
861339600,1.7
861426000,2.9
861512400,4.4
861598800,6.4
861685200,10.0
861771600,9.9
861858000,8.7
861944400,9.1
862030800,9.4
862117200,9.4
862203600,9.1
862290000,7.1
862376400,15.0
862462800,15.4
862549200,8.1
862635600,6.2
862722000,6.8
862808400,8.4
862894800,11.4
862981200,5.1
863067600,6.6
863154000,7.6
863240400,8.3
863326800,10.4
863413200,11.3
863499600,11.3
863586000,10.1
863672400,11.3
863758800,9.8
863845200,9.7
863931600,10.8
864018000,12.1
864104400,11.9
864190800,10.1
864277200,9.1
864363600,11.6
864450000,13.5
864536400,14.1
864622800,10.4
864709200,12.1
864795600,15.9
864882000,17.1
864968400,17.4
865054800,16.9
865141200,17.6
865227600,17.4
865314000,17.6
865400400,17.5
865486800,17.6
865573200,18.4
865659600,19.6
865746000,20.3
865832400,21.0
865918800,23.3
866005200,23.8
866091600,22.9
866178000,20.1
866264400,16.3
866350800,15.8
866437200,20.9
866523600,19.2
866610000,17.7
866696400,19.4
866782800,19.9
866869200,22.2
866955600,21.7
867042000,19.2
867128400,19.6
867214800,21.7
867301200,24.3
867387600,18.8
867474000,22.8
867560400,24.9
867646800,25.4
867733200,25.3
867819600,24.8
867906000,22.5
867992400,18.6
868078800,17.6
868165200,21.1
868251600,19.8
868338000,17.5
868424400,16.4
868510800,18.6
868597200,21.6
868683600,22.9
868770000,21.1
868856400,22.1
868942800,22.6
869029200,24.6
869115600,24.6
869202000,21.7
869288400,15.3
869374800,17.2
869461200,19.5
869547600,18.6
869634000,19.3
869720400,21.5
869806800,20.8
869893200,23.4
869979600,22.7
870066000,22.3
870152400,18.8
870238800,19.8
870325200,22.8
870411600,22.6
870498000,21.7
870584400,19.7
870670800,19.5
870757200,19.2
870843600,17.9
870930000,19.0
871016400,22.3
871102800,23.8
871189200,24.8
871275600,22.9
871362000,16.5
871448400,18.7
871534800,18.4
871621200,19.6
871707600,22.4
871794000,20.4
871880400,16.7
871966800,17.6
872053200,17.5
872139600,17.8
872226000,15.0
872312400,17.1
872398800,18.1
872485200,19.0
872571600,19.2
872658000,19.1
872744400,19.2
872830800,18.1
872917200,18.2
873003600,18.5
873090000,19.8
873176400,20.4
873262800,12.6
873349200,12.1
873435600,15.4
873522000,18.4
873608400,17.2
873694800,15.1
873781200,17.3
873867600,18.3
873954000,18.7
874040400,19.4
874126800,18.1
874213200,19.2
874299600,18.1
874386000,15.9
874472400,14.1
874558800,18.9
874645200,19.2
874731600,14.7
874818000,8.8
874904400,11.2
874990800,13.7
875077200,5.9
875163600,11.1
875250000,11.9
875336400,8.9
875422800,13.0
875509200,12.8
875595600,13.9
875682000,6.5
875768400,6.7
875854800,10.0
875941200,11.6
876027600,18.1
876114000,17.4
876200400,16.5
876286800,11.4
876373200,15.6
876459600,17.4
876546000,8.2
876632400,8.7
876718800,12.4
876805200,15.0
876891600,11.8
876978000,8.4
877064400,5.9
877150800,6.8
877237200,7.3
877323600,6.9
877410000,4.7
877496400,1.9
877582800,0.1
877669200,1.9
877755600,1.6
877842000,0.9
877928400,2.6
878014800,2.8
878101200,3.7
878187600,6.1
878274000,6.9
878360400,13.1
878446800,14.1
878533200,10.4
878619600,7.5
878706000,5.6
878792400,7.6
878878800,5.5
878965200,5.1
879051600,4.5
879138000,3.9
879224400,2.1
879310800,-1.9
879397200,-4.2
879483600,-4.1
879570000,-2.9
879656400,-2.9
879742800,-1.6
879829200,-3.3
879915600,0.1
880002000,1.9
880088400,2.3
880174800,-2.7
880261200,-4.7
880347600,-2.9
880434000,-6.6
880520400,5.1
880606800,-3.8
880693200,-5.5
880779600,-3.0
880866000,-3.3
880952400,-2.8
881038800,-2.3
881125200,-4.8
881211600,-2.4
881298000,-0.4
881384400,-1.7
881470800,-0.7
881557200,-3.5
881643600,-6.8
881730000,-7.9
881816400,-7.4
881902800,-7.3
881989200,-0.6
882075600,-4.4
882162000,-13.4
882248400,-9.6
882334800,1.8
882421200,-3.6
882507600,0.4
882594000,-1.9
882680400,-11.8
882766800,-11.4
882853200,-8.8
882939600,-4.6
883026000,-3.1
883112400,-1.1
883198800,0.4
883285200,-10.9
883371600,-10.6
883458000,-4.6
883544400,-12.6
883630800,-19.9
883717200,-7.9
883803600,5.1
883890000,-2.9
883976400,-6.8
884062800,-3.3
884149200,-5.9
884235600,-3.8
884322000,-3.1
884408400,1.4
884494800,-3.5
884581200,-9.8
884667600,-3.1
884754000,-13.4
884840400,-16.2
884926800,-10.6
885013200,-10.6
885099600,-7.9
885186000,-2.3
885272400,-1.6
885358800,-5.3
885445200,-14.0
885531600,-15.1
885618000,-5.9
885704400,-6.1
885790800,-15.5
885877200,-18.8
885963600,-8.4
886050000,-6.2
886136400,-3.7
886222800,-1.7
886309200,-2.1
886395600,-3.1
886482000,1.7
886568400,-8.0
886654800,-7.9
886741200,-7.9
886827600,-8.9
886914000,-7.5
887000400,-8.1
887086800,-5.4
887173200,-4.7
887259600,1.4
887346000,-5.9
887432400,-14.2
887518800,-15.4
887605200,-9.7
887691600,-2.6
887778000,0.9
887864400,0.4
887950800,1.2
888037200,1.1
888123600,-2.9
888210000,-3.0
888296400,0.2
888382800,0.7
888469200,2.6
888555600,0.7
888642000,3.0
888728400,2.5
888814800,2.8
888901200,1.5
888987600,0.4
889074000,0.3
889160400,0.0
889246800,-1.5
889333200,-1.0
889419600,2.8
889506000,-1.1
889592400,-11.9
889678800,-12.2
889765200,-11.8
889851600,-2.1
889938000,-1.9
890024400,-4.6
890110800,-5.2
890197200,-2.8
890283600,-0.5
890370000,-2.6
890456400,-3.9
890542800,-3.7
890629200,-4.8
890715600,-2.6
890802000,-1.2
890888400,2.6
890974800,7.4
891061200,8.9
891147600,9.0
891234000,11.9
891320400,9.3
891406800,3.6
891493200,2.7
891579600,2.2
891666000,2.1
891752400,4.1
891838800,7.0
891925200,6.9
892011600,7.9
892098000,5.9
892184400,5.3
892270800,5.3
892357200,8.3
892443600,10.6
892530000,11.8
892616400,12.1
892702800,13.8
892789200,14.5
892875600,8.4
892962000,10.1
893048400,9.2
893134800,9.4
893221200,11.9
893307600,13.7
893394000,12.7
893480400,7.1
893566800,4.5
893653200,3.2
893739600,9.0
893826000,12.2
893912400,14.9
893998800,18.0
894085200,15.3
894171600,13.0
894258000,15.1
894344400,18.6
894430800,17.9
894517200,17.8
894603600,17.7
894690000,15.5
894776400,14.8
894862800,17.4
894949200,17.2
895035600,17.3
895122000,19.4
895208400,21.6
895294800,22.7
895381200,22.9
895467600,20.3
895554000,16.8
895640400,18.7
895726800,15.7
895813200,12.6
895899600,15.2
895986000,17.7
896072400,20.1
896158800,17.7
896245200,14.6
896331600,20.9
896418000,22.4
896504400,16.4
896590800,16.3
896677200,14.8
896763600,14.8
896850000,12.9
896936400,11.3
897022800,12.3
897109200,12.7
897195600,12.6
897282000,14.4
897368400,17.5
897454800,21.0
897541200,22.1
897627600,17.8
897714000,18.6
897800400,18.8
897886800,20.2
897973200,19.8
898059600,20.7
898146000,19.8
898232400,20.7
898318800,24.9
898405200,25.1
898491600,26.2
898578000,24.6
898664400,24.0
898750800,23.6
898837200,21.5
898923600,20.8
899010000,20.1
899096400,21.9
899182800,21.3
899269200,16.7
899355600,19.8
899442000,22.3
899528400,19.7
899614800,18.7
899701200,19.4
899787600,20.8
899874000,20.1
899960400,19.5
900046800,18.9
900133200,18.6
900219600,20.0
900306000,20.8
900392400,24.4
900478800,26.3
900565200,26.2
900651600,23.3
900738000,21.6
900824400,23.1
900910800,24.8
900997200,23.4
901083600,26.9
901170000,22.3
901256400,18.6
901342800,17.9
901429200,20.1
901515600,22.1
901602000,22.1
901688400,21.8
901774800,19.7
901861200,17.8
901947600,19.2
902034000,22.1
902120400,22.8
902206800,21.7
902293200,23.9
902379600,23.7
902466000,23.2
902552400,25.1
902638800,26.1
902725200,24.8
902811600,22.7
902898000,19.6
902984400,17.7
903070800,18.6
903157200,22.7
903243600,22.8
903330000,21.7
903416400,20.1
903502800,15.3
903589200,17.2
903675600,19.4
903762000,19.6
903848400,19.2
903934800,22.4
904021200,19.8
904107600,21.1
904194000,22.2
904280400,21.3
904366800,21.3
904453200,19.2
904539600,18.7
904626000,16.9
904712400,18.1
904798800,16.7
904885200,16.9
904971600,17.4
905058000,22.1
905144400,19.3
905230800,14.7
905317200,14.4
905403600,15.4
905490000,15.9
905576400,18.7
905662800,15.1
905749200,15.2
905835600,18.3
905922000,16.5
906008400,15.9
906094800,14.9
906181200,19.3
906267600,17.5
906354000,19.5
906440400,15.4
906526800,9.9
906613200,10.6
906699600,16.3
906786000,17.4
906872400,20.1
906958800,15.7
907045200,11.7
907131600,15.6
907218000,12.8
907304400,8.1
907390800,9.2
907477200,7.8
907563600,8.4
907650000,6.9
907736400,9.9
907822800,13.2
907909200,11.5
907995600,12.0
908082000,13.0
908168400,11.3
908254800,11.6
908341200,13.2
908427600,9.9
908514000,10.6
908600400,10.3
908686800,16.8
908773200,15.0
908859600,10.3
908946000,5.8
909032400,6.1
909118800,8.2
909205200,13.5
909291600,11.4
909378000,4.9
909464400,6.7
909550800,10.9
909637200,7.5
909723600,6.9
909810000,7.8
909896400,7.2
909982800,6.4
910069200,3.7
910155600,2.2
910242000,2.8
910328400,3.6
910414800,3.8
910501200,3.3
910587600,3.0
910674000,4.4
910760400,8.3
910846800,6.8
910933200,0.8
911019600,2.4
911106000,5.6
911192400,0.2
911278800,-1.8
911365200,-1.9
911451600,1.6
911538000,6.3
911624400,3.7
911710800,1.1
911797200,7.3
911883600,7.9
911970000,2.2
912056400,4.0
912142800,4.2
912229200,3.8
912315600,2.9
912402000,6.4
912488400,8.6
912574800,7.6
912661200,4.1
912747600,3.9
912834000,-0.1
912920400,0.6
913006800,4.4
913093200,-2.7
913179600,-0.5
913266000,0.7
913352400,1.5
913438800,1.4
913525200,2.9
913611600,-2.7
913698000,3.5
913784400,4.6
913870800,-1.1
913957200,-5.9
914043600,-6.3
914130000,-4.7
914216400,-4.9
914302800,-0.9
914389200,-12.7
914648400,-2.4
914734800,-3.7
914821200,1.8
914907600,-3.9
915166800,-20.0
915253200,-21.2
915339600,-11.7
915426000,-4.7
915512400,-14.8
915598800,-8.8
915685200,-11.3
915771600,-13.1
915858000,-8.4
916030800,-13.2
916117200,-18.4
916203600,-15.8
916290000,-24.8
916376400,-13.0
916462800,-9.4
916549200,2.5
916635600,1.7
916722000,2.2
916808400,-0.4
916894800,-4.1
916981200,-6.3
917067600,1.8
917154000,5.5
917240400,-4.1
917326800,-6.3
917413200,-3.3
917499600,-11.1
917586000,-12.7
917672400,-11.6
917758800,-12.2
917845200,-8.2
917931600,-2.9
918018000,3.7
918104400,2.8
918190800,-2.7
918277200,-7.9
918363600,-8.6
918450000,-10.3
918536400,-8.1
918622800,-0.1
918709200,-6.1
918795600,0.7
918882000,-1.7
918968400,-10.6
919054800,-8.3
919141200,-4.9
919227600,-2.5
919314000,1.3
919400400,-2.4
919486800,-4.6
919573200,-6.5
919659600,-14.8
919746000,-13.3
919832400,-10.1
919918800,-7.3
920005200,-2.3
920091600,-0.6
920178000,0.7
920264400,1.1
920350800,-1.7
920437200,-2.2
920523600,2.0
920610000,-8.4
920696400,-11.8
920782800,-11.4
920869200,-10.1
920955600,-8.0
921042000,-7.6
921128400,-5.8
921214800,-6.1
921301200,-3.8
921387600,-3.0
921474000,-2.1
921560400,-1.3
921646800,3.9
921733200,3.4
921819600,1.5
921906000,-1.1
921992400,0.5
922078800,2.1
922165200,0.8
922251600,2.3
922338000,-1.4
922424400,0.8
922510800,2.9
922597200,5.6
922683600,7.1
922770000,6.5
922856400,6.1
922942800,2.6
923029200,4.4
923115600,4.7
923202000,2.3
923288400,2.8
923374800,7.6
923461200,9.4
923547600,8.4
923634000,5.7
923720400,3.3
923806800,2.7
923893200,5.3
923979600,4.8
924066000,5.4
924152400,6.1
924238800,7.1
924325200,8.1
924411600,9.7
924498000,9.7
924584400,8.7
924670800,9.9
924757200,11.2
924843600,6.2
924930000,3.8
925016400,6.8
925102800,10.4
925189200,8.0
925275600,10.7
925362000,12.0
925448400,14.1
925534800,15.6
925621200,17.8
925707600,19.8
925794000,21.2
925880400,19.7
925966800,21.6
926053200,20.8
926139600,19.6
926226000,14.6
926312400,10.4
926398800,9.2
926485200,9.2
926571600,9.2
926658000,13.2
926744400,17.2
926830800,18.7
926917200,19.7
927003600,20.8
927090000,19.1
927176400,12.2
927262800,14.1
927349200,18.5
927435600,17.3
927522000,17.8
927608400,14.0
927694800,11.7
927781200,12.7
927867600,14.4
927954000,19.6
928040400,23.2
928126800,26.0
928213200,22.4
928299600,20.6
928386000,18.1
928472400,17.5
928558800,18.8
928645200,21.3
928731600,26.9
928818000,24.5
928904400,18.1
928990800,19.7
929077200,22.7
929163600,24.8
929250000,25.0
929336400,25.0
929422800,15.4
929509200,14.0
929595600,17.1
929682000,17.6
929768400,17.9
929854800,21.8
929941200,20.8
930027600,24.2
930114000,24.7
930200400,25.3
930286800,22.7
930373200,24.6
930459600,26.2
930546000,23.9
930632400,23.7
930718800,20.0
930805200,22.5
930891600,24.9
930978000,22.3
931064400,25.4
931150800,27.1
931237200,22.7
931323600,22.4
931410000,17.0
931496400,17.4
931582800,16.4
931669200,17.8
931755600,20.8
931842000,21.4
931928400,23.1
932014800,24.2
932101200,25.9
932187600,26.6
932274000,24.2
932360400,21.2
932446800,19.3
932533200,21.3
932619600,24.3
932706000,23.8
932792400,23.6
932878800,21.7
932965200,21.7
933051600,23.7
933138000,24.2
933224400,23.8
933310800,24.5
933397200,26.0
933483600,25.9
933570000,19.3
933656400,19.7
933742800,20.3
933829200,19.3
933915600,16.9
934002000,16.8
934088400,17.4
934174800,15.4
934261200,15.9
934347600,18.3
934434000,22.2
934520400,20.9
934606800,20.3
934693200,18.0
934779600,19.3
934866000,21.5
934952400,21.4
935038800,20.5
935125200,21.4
935211600,20.4
935298000,18.5
935384400,21.3
935470800,23.6
935557200,24.2
935643600,24.8
935730000,24.3
935816400,24.3
935902800,20.2
935989200,16.2
936075600,17.8
936162000,20.2
936248400,23.1
936334800,23.6
936421200,24.1
936507600,26.7
936594000,23.8
936680400,22.9
936766800,22.2
936853200,23.3
936939600,20.6
937026000,18.8
937112400,17.9
937198800,20.9
937285200,19.1
937371600,18.5
937458000,16.1
937544400,12.6
937630800,14.3
937717200,15.6
937803600,17.8
937890000,11.9
937976400,9.9
938062800,11.5
938149200,16.7
938235600,12.4
938322000,11.7
938408400,15.4
938494800,18.4
938581200,20.1
938667600,16.0
938754000,12.8
938840400,10.9
938926800,10.9
939013200,6.2
939099600,5.9
939186000,6.2
939272400,3.4
939358800,6.9
939445200,14.4
939531600,11.9
939618000,11.6
939704400,8.7
939790800,12.1
939877200,7.3
939963600,5.4
940050000,12.0
940136400,15.1
940222800,6.6
940309200,2.2
940395600,6.1
940482000,7.1
940568400,8.8
940654800,8.1
940741200,6.1
940827600,2.2
940914000,7.4
941000400,4.9
941086800,3.7
941173200,8.1
941259600,7.6
941346000,12.5
941432400,9.8
941518800,11.9
941605200,12.7
941691600,4.8
941778000,7.1
941864400,8.3
941950800,2.5
942037200,-0.6
942123600,5.0
942210000,6.8
942296400,-1.2
942382800,-0.3
942469200,2.7
942555600,6.8
942642000,2.8
942728400,0.4
942814800,-0.9
942901200,-0.2
942987600,3.8
943074000,7.9
943160400,8.6
943246800,9.4
943333200,11.4
943419600,11.9
943506000,6.1
943592400,5.0
943678800,8.8
943765200,4.3
943851600,0.7
943938000,-3.0
944024400,-6.4
944110800,-3.3
944197200,1.9
944283600,2.4
944370000,6.3
944456400,8.8
944542800,2.6
944629200,-1.1
944715600,2.0
944802000,1.9
944888400,0.1
944974800,-1.2
945061200,-0.3
945147600,0.1
945234000,0.7
945320400,4.1
945406800,-0.1
945493200,-7.8
945579600,-8.5
945666000,-3.7
945752400,1.6
945838800,-4.1
945925200,-6.1
946011600,-11.3
946098000,-13.1
946184400,-4.2
946270800,-10.8
946357200,-15.0
946443600,-10.2
946530000,-5.8
946616400,-15.2
946702800,-7.2
946789200,-0.8
946875600,0.7
946962000,0.4
947048400,-6.0
947134800,-8.3
947221200,0.1
947307600,-6.3
947394000,0.6
947480400,3.3
947566800,3.2
947653200,-2.4
947739600,-12.6
947826000,-17.9
947912400,-18.4
947998800,-8.7
948085200,-21.0
948171600,-22.0
948258000,-19.5
948344400,-14.5
948430800,-16.2
948517200,-22.0
948603600,-19.1
948690000,-11.4
948776400,-10.7
948862800,-6.9
948949200,-14.9
949035600,-15.9
949122000,-13.3
949208400,-8.4
949294800,-4.1
949381200,-2.9
949467600,-12.9
949554000,-15.6
949640400,-15.1
949726800,-12.5
949813200,-9.9
949899600,-5.4
949986000,-13.7
950072400,-4.5
950158800,-10.0
950245200,-8.6
950331600,-13.8
950418000,-13.1
950504400,-6.4
950590800,-5.1
950677200,-3.7
950763600,-12.1
950850000,-14.6
950936400,-9.2
951022800,-8.2
951109200,-6.8
951195600,-4.4
951282000,1.7
951368400,4.2
951454800,1.4
951541200,3.2
951627600,5.7
951714000,5.4
951800400,0.4
951886800,1.2
951973200,3.2
952059600,-0.5
952146000,-0.7
952232400,2.2
952318800,0.4
952405200,2.8
952491600,3.6
952578000,6.8
952664400,-5.7
952750800,-3.6
952837200,-1.2
952923600,-6.5
953010000,-4.2
953096400,2.7
953182800,1.7
953269200,-4.3
953355600,-7.1
953442000,-1.2
953528400,4.5
953614800,3.8
953701200,6.2
953787600,7.8
953874000,7.8
953960400,6.5
954046800,6.3
954133200,5.4
954219600,7.8
954306000,4.3
954392400,3.1
954478800,2.9
954565200,6.5
954651600,8.7
954738000,5.3
954824400,8.1
954910800,2.3
954997200,1.3
955083600,3.7
955170000,4.1
955256400,-1.8
955342800,0.7
955429200,-0.4
955515600,-0.9
955602000,0.5
955688400,5.0
955774800,12.2
955861200,7.6
955947600,1.6
956034000,5.2
956120400,7.7
956206800,9.9
956293200,6.7
956379600,5.4
956466000,5.3
956552400,8.8
956638800,5.9
956725200,6.3
956811600,6.9
956898000,8.8
956984400,12.4
957070800,8.2
957157200,9.4
957243600,9.7
957330000,10.9
957416400,15.3
957502800,18.9
957589200,15.1
957675600,16.2
957762000,17.8
957848400,11.6
957934800,8.1
958021200,12.3
958107600,14.2
958194000,16.9
958280400,14.2
958366800,10.2
958453200,11.6
958539600,12.7
958626000,13.7
958712400,7.4
958798800,10.1
958885200,12.8
958971600,14.6
959058000,14.2
959144400,16.2
959230800,14.2
959317200,13.2
959403600,12.6
959490000,13.0
959576400,13.9
959662800,16.7
959749200,17.8
959835600,18.9
959922000,16.9
960008400,15.2
960094800,12.7
960181200,12.1
960267600,14.3
960354000,14.1
960440400,14.6
960526800,16.1
960613200,13.9
960699600,10.3
960786000,14.6
960872400,16.2
960958800,15.3
961045200,17.8
961131600,22.5
961218000,23.0
961304400,15.4
961390800,15.3
961477200,18.9
961563600,19.9
961650000,22.2
961736400,18.8
961822800,19.2
961909200,21.9
961995600,24.1
962082000,23.6
962168400,19.7
962254800,19.9
962341200,18.0
962427600,19.4
962514000,21.2
962600400,19.9
962686800,20.6
962773200,17.7
962859600,17.3
962946000,15.7
963032400,17.3
963118800,18.1
963205200,19.0
963291600,19.0
963378000,20.4
963464400,21.9
963550800,22.9
963637200,21.8
963723600,20.2
963810000,21.9
963896400,20.9
963982800,16.0
964069200,15.5
964155600,18.8
964242000,17.4
964328400,18.3
964414800,20.9
964501200,22.7
964587600,23.5
964674000,21.0
964760400,22.1
964846800,22.8
964933200,22.9
965019600,23.2
965106000,20.5
965192400,23.4
965278800,23.5
965365200,18.7
965451600,20.1
965538000,20.8
965624400,20.1
965710800,21.7
965797200,21.7
965883600,21.5
965970000,19.8
966056400,21.4
966142800,21.3
966229200,21.2
966315600,22.5
966402000,21.2
966488400,14.3
966574800,15.7
966661200,16.9
966747600,14.9
966834000,16.9
966920400,18.2
967006800,17.7
967093200,18.3
967179600,20.3
967266000,21.4
967352400,20.4
967438800,17.5
967525200,19.6
967611600,23.2
967698000,24.1
967784400,24.2
967870800,15.2
967957200,16.1
968043600,14.9
968130000,10.8
968216400,12.3
968302800,16.0
968389200,19.2
968475600,18.8
968562000,18.4
968648400,20.1
968734800,20.7
968821200,17.8
968907600,17.3
968994000,15.3
969080400,11.0
969166800,13.0
969253200,14.9
969339600,18.3
969426000,19.4
969512400,18.3
969598800,11.4
969685200,12.1
969771600,12.4
969858000,7.6
969944400,9.3
970030800,12.7
970117200,5.6
970203600,5.7
970290000,12.1
970376400,15.2
970462800,16.3
970549200,17.1
970635600,12.8
970722000,9.5
970808400,8.1
970894800,7.1
970981200,5.2
971067600,4.8
971154000,2.9
971240400,8.0
971326800,10.8
971413200,14.4
971499600,16.4
971586000,12.6
971672400,5.0
971758800,7.7
971845200,10.2
971931600,10.2
972018000,10.1
972104400,14.3
972190800,5.1
972277200,6.0
972363600,10.7
972450000,10.5
972536400,12.6
972622800,14.2
972709200,5.4
972795600,0.3
972882000,4.0
972968400,2.8
973054800,4.2
973141200,5.1
973227600,7.9
973314000,6.4
973400400,6.3
973486800,4.7
973573200,7.7
973659600,6.6
973746000,7.4
973832400,10.7
973918800,8.3
974005200,3.2
974091600,3.9
974178000,6.9
974264400,3.1
974350800,3.7
974437200,4.8
974523600,-0.4
974610000,0.6
974696400,2.2
974782800,0.1
974869200,-3.3
974955600,-7.1
975042000,-9.7
975128400,-3.3
975214800,0.3
975301200,1.9
975387600,2.8
975474000,3.0
975646800,-1.9
975733200,-6.0
975819600,-6.4
975906000,-0.2
975992400,-0.4
976078800,-9.7
976165200,-9.6
976251600,-18.1
976338000,-15.6
976424400,-11.2
976510800,-3.4
976597200,-5.9
976683600,-16.8
976770000,-11.0
976856400,-10.7
976942800,-7.2
977029200,5.6
977115600,-3.2
977202000,-10.2
977288400,-9.0
977374800,-11.4
977461200,-9.1
977547600,-11.1
977634000,-14.4
977720400,-15.0
977806800,-16.6
977893200,-12.4
977979600,-13.6
978066000,-8.7
978152400,-6.9
978238800,-3.8
978325200,-8.4
978411600,-11.9
978498000,-7.8
978584400,-5.2
978670800,-10.9
978757200,-6.1
978843600,-4.9
978930000,-5.3
979016400,-10.1
979102800,-15.7
979189200,-7.7
979275600,-10.2
979362000,-10.9
979448400,-2.4
979534800,-9.1
979621200,-5.6
979707600,-8.5
979794000,-14.3
979880400,-5.7
979966800,-13.9
980053200,-17.6
980139600,-11.3
980226000,-4.4
980312400,-0.2
980398800,-5.4
980485200,-8.8
980571600,-5.0
980658000,-9.2
980744400,-10.5
980830800,-5.8
980917200,-5.4
981003600,-7.8
981090000,-5.6
981176400,-10.9
981262800,-14.3
981349200,-8.7
981435600,-3.1
981522000,-3.6
981608400,-7.7
981694800,-5.7
981781200,-1.9
981867600,-15.1
981954000,-15.2
982040400,-10.2
982126800,-6.1
982213200,-4.5
982299600,-10.7
982386000,-7.1
982472400,-13.3
982558800,-5.3
982645200,0.9
982731600,-5.8
982818000,-17.6
982904400,-12.1
982990800,-11.5
983077200,-6.5
983163600,1.3
983250000,-5.3
983336400,-11.4
983422800,-14.4
983509200,-12.7
983595600,-12.3
983682000,-11.1
983768400,-7.5
983854800,-1.1
983941200,-2.2
984027600,-3.8
984114000,0.2
984200400,0.6
984286800,-0.8
984373200,-9.1
984459600,-3.3
984546000,0.4
984632400,0.6
984718800,-3.3
984805200,-3.7
984891600,-1.1
984978000,0.4
985064400,1.6
985150800,2.6
985237200,2.2
985323600,0.4
985410000,-0.1
985496400,-4.2
985582800,-4.4
985669200,-4.6
985755600,-0.3
985842000,-0.2
985928400,1.6
986014800,0.4
986101200,-0.1
986187600,0.2
986274000,1.4
986360400,3.8
986446800,3.9
986533200,2.9
986619600,2.3
986706000,4.4
986792400,5.5
986878800,6.2
986965200,7.1
987051600,8.5
987138000,8.4
987224400,5.0
987310800,5.2
987397200,5.3
987483600,5.8
987570000,3.1
987656400,3.3
987742800,8.4
987829200,12.9
987915600,15.4
988002000,10.8
988088400,13.4
988174800,6.5
988261200,10.7
988347600,12.6
988434000,5.4
988520400,8.1
988606800,12.6
988693200,19.5
988779600,22.4
988866000,23.5
988952400,19.2
989038800,11.0
989125200,11.3
989211600,14.8
989298000,17.1
989384400,17.9
989470800,19.2
989557200,20.7
989643600,15.8
989730000,9.0
989816400,11.9
989902800,12.0
989989200,13.9
990075600,14.1
990162000,15.3
990248400,14.7
990334800,16.6
990421200,20.4
990507600,18.3
990594000,15.3
990680400,15.9
990766800,19.0
990853200,18.4
990939600,16.4
991026000,15.3
991112400,12.8
991198800,6.7
991285200,9.4
991371600,13.3
991458000,15.2
991544400,15.1
991630800,14.2
991717200,15.9
991803600,16.6
991890000,17.3
991976400,17.4
992062800,18.6
992149200,20.4
992235600,19.3
992322000,18.9
992408400,22.2
992494800,24.8
992581200,27.6
992667600,26.9
992754000,22.8
992840400,20.7
992926800,24.7
993013200,22.7
993099600,20.6
993186000,19.1
993272400,18.8
993358800,18.4
993445200,22.6
993531600,24.9
993618000,25.8
993704400,21.3
993790800,18.2
993877200,24.7
993963600,20.9
994050000,14.6
994136400,17.4
994222800,19.0
994309200,18.8
994395600,14.8
994482000,18.8
994568400,19.8
994654800,21.7
994741200,20.1
994827600,18.5
994914000,16.2
995000400,17.4
995086800,18.3
995173200,19.4
995259600,21.2
995346000,20.6
995432400,19.7
995518800,22.2
995605200,23.4
995691600,24.7
995778000,26.1
995864400,27.1
995950800,28.4
996037200,24.9
996123600,17.7
996210000,16.4
996296400,18.7
996382800,21.8
996469200,22.1
996555600,22.8
996642000,24.3
996728400,25.9
996814800,25.1
996901200,24.8
996987600,24.5
997074000,26.7
997160400,29.2
997246800,26.8
997333200,28.8
997419600,28.9
997506000,22.2
997592400,23.5
997678800,23.8
997765200,20.3
997851600,21.8
997938000,23.2
998024400,24.1
998110800,22.9
998197200,22.8
998283600,20.4
998370000,20.6
998456400,23.2
998542800,22.4
998629200,18.8
998715600,18.4
998802000,21.5
998888400,21.3
998974800,20.6
999061200,15.9
999147600,16.6
999234000,22.2
999320400,16.8
999406800,12.8
999493200,19.4
999579600,19.9
999666000,15.6
999752400,16.7
999838800,21.2
999925200,24.4
1000011600,26.0
1000098000,22.6
1000184400,18.9
1000270800,16.9
1000357200,17.8
1000443600,12.5
1000530000,11.8
1000616400,15.6
1000702800,17.1
1000789200,17.3
1000875600,17.4
1000962000,18.8
1001048400,20.2
1001134800,18.1
1001221200,18.5
1001307600,19.3
1001394000,18.2
1001480400,13.7
1001566800,12.9
1001653200,11.8
1001739600,10.8
1001826000,11.3
1001912400,12.9
1001998800,15.8
1002085200,15.6
1002171600,18.8
1002258000,12.7
1002344400,9.5
1002430800,6.0
1002517200,4.9
1002603600,6.4
1002690000,13.8
1002776400,15.9
1002862800,15.8
1002949200,15.6
1003035600,17.7
1003122000,15.1
1003208400,13.3
1003294800,10.3
1003381200,3.7
1003467600,8.1
1003554000,12.7
1003640400,11.8
1003726800,9.2
1003813200,8.2
1003899600,15.3
1003986000,14.2
1004072400,7.1
1004158800,5.2
1004245200,1.8
1004331600,5.7
1004418000,4.3
1004504400,0.6
1004590800,7.1
1004677200,14.0
1004763600,11.7
1004850000,7.9
1004936400,5.2
1005022800,4.1
1005109200,7.4
1005195600,2.1
1005282000,3.7
1005368400,1.6
1005454800,0.5
1005541200,-0.5
1005627600,-1.1
1005714000,4.7
1005800400,9.4
1005886800,10.7
1005973200,-0.8
1006059600,5.4
1006146000,8.9
1006232400,5.1
1006318800,0.0
1006405200,4.3
1006491600,4.5
1006578000,6.9
1006664400,13.2
1006750800,11.0
1006837200,3.3
1006923600,-0.2
1007010000,-1.7
1007096400,-0.2
1007182800,6.0
1007269200,6.8
1007355600,4.8
1007442000,5.9
1007528400,8.0
1007614800,12.3
1007701200,5.0
1007787600,-2.4
1007874000,-1.0
1007960400,1.1
1008046800,1.5
1008133200,0.5
1008219600,4.6
1008306000,5.9
1008392400,-1.9
1008478800,-6.5
1008565200,-4.9
1008651600,-1.7
1008738000,1.3
1008824400,0.4
1008910800,-1.9
1008997200,-6.7
1009083600,-6.9
1009170000,-0.3
1009256400,-1.3
1009342800,-0.8
1009429200,-3.9
1009515600,-5.8
1009602000,-4.7
1009688400,-5.1
1009774800,-4.8
1009861200,-10.1
1009947600,-7.3
1010034000,-2.6
1010120400,-7.8
1010206800,-1.3
1010293200,1.1
1010379600,-3.1
1010466000,-7.1
1010552400,-0.6
1010638800,2.2
1010725200,2.2
1010811600,-2.4
1010898000,0.7
1010984400,-8.2
1011070800,-6.6
1011157200,-5.8
1011243600,-6.6
1011330000,-4.7
1011416400,-10.5
1011502800,-6.3
1011589200,-0.6
1011675600,-1.7
1011762000,0.8
1011848400,1.7
1011934800,-5.1
1012021200,1.3
1012107600,-3.6
1012194000,-3.7
1012280400,-1.6
1012366800,-7.9
1012453200,-11.5
1012539600,-7.2
1012626000,-10.6
1012712400,-10.7
1012798800,-8.3
1012885200,-13.3
1012971600,-12.4
1013058000,-6.4
1013144400,-4.7
1013230800,-10.9
1013317200,-7.1
1013403600,-8.6
1013490000,-8.4
1013576400,-9.6
1013662800,-8.3
1013749200,2.4
1013835600,3.3
1013922000,-1.5
1014008400,-7.3
1014094800,-5.2
1014181200,0.2
1014267600,3.9
1014354000,0.9
1014440400,-4.4
1014526800,-4.6
1014613200,0.1
1014699600,4.8
1014786000,2.3
1014872400,-5.2
1014958800,-1.8
1015045200,-5.1
1015131600,4.5
1015218000,-7.3
1015304400,-7.8
1015390800,-3.7
1015477200,-2.2
1015563600,-2.3
1015650000,4.1
1015736400,2.7
1015822800,-6.0
1015909200,0.3
1015995600,2.4
1016082000,3.7
1016168400,-3.4
1016254800,-3.6
1016341200,-2.3
1016427600,-0.4
1016514000,-1.0
1016600400,-0.4
1016686800,-0.1
1016773200,-10.8
1016859600,-5.7
1016946000,-5.6
1017032400,-9.2
1017118800,-5.6
1017205200,0.1
1017291600,1.1
1017378000,2.6
1017464400,6.5
1017550800,6.1
1017637200,4.8
1017723600,3.2
1017810000,2.3
1017896400,0.5
1017982800,-0.1
1018069200,-1.8
1018155600,-1.9
1018242000,4.6
1018328400,9.6
1018414800,6.3
1018501200,8.4
1018587600,13.4
1018674000,13.4
1018760400,10.8
1018846800,13.8
1018933200,19.4
1019019600,20.6
1019106000,15.2
1019192400,18.9
1019278800,8.3
1019365200,2.4
1019451600,1.4
1019538000,4.3
1019624400,7.7
1019710800,8.7
1019797200,4.7
1019883600,4.5
1019970000,3.8
1020056400,1.7
1020142800,5.4
1020229200,7.4
1020315600,6.1
1020402000,6.7
1020488400,10.2
1020574800,12.6
1020661200,15.3
1020747600,14.4
1020834000,8.4
1020920400,11.8
1021006800,12.4
1021093200,8.8
1021179600,9.6
1021266000,8.7
1021352400,4.2
1021438800,6.9
1021525200,10.9
1021611600,11.2
1021698000,6.6
1021784400,6.5
1021870800,7.2
1021957200,8.9
1022043600,11.8
1022130000,15.7
1022216400,17.4
1022302800,9.0
1022389200,14.8
1022475600,15.6
1022562000,19.7
1022648400,21.0
1022734800,19.7
1022821200,18.9
1022907600,17.8
1022994000,13.9
1023080400,11.1
1023166800,13.8
1023253200,17.2
1023339600,14.9
1023426000,16.2
1023512400,16.1
1023598800,19.6
1023685200,16.5
1023771600,14.8
1023858000,14.0
1023944400,16.9
1024030800,18.1
1024117200,16.2
1024203600,11.5
1024290000,14.7
1024722000,23.1
1024808400,21.7
1024894800,19.1
1024981200,18.6
1025067600,20.8
1025154000,23.2
1025240400,22.2
1025326800,21.7
1025413200,23.2
1025499600,26.4
1025586000,28.4
1025672400,28.9
1025758800,28.1
1025845200,21.8
1025931600,21.1
1026018000,20.1
1026104400,23.6
1026190800,23.0
1026277200,17.8
1026363600,16.7
1026450000,19.4
1026536400,21.8
1026622800,22.4
1026709200,23.2
1026795600,18.8
1026882000,19.7
1026968400,21.6
1027054800,19.7
1027141200,20.6
1027227600,22.7
1027314000,26.9
1027400400,24.5
1027486800,18.1
1027573200,19.3
1027659600,21.1
1027746000,19.8
1027832400,22.4
1027918800,25.3
1028005200,25.2
1028091600,25.6
1028178000,26.1
1028264400,24.7
1028350800,24.7
1028437200,24.3
1028523600,24.1
1028610000,18.0
1028696400,18.8
1028782800,20.0
1028869200,20.7
1028955600,23.8
1029042000,25.0
1029128400,26.6
1029214800,27.4
1029301200,27.8
1029387600,26.2
1029474000,27.0
1029560400,24.7
1029646800,27.0
1029733200,21.6
1029819600,19.8
1029906000,20.5
1029992400,19.6
1030078800,16.9
1030165200,18.7
1030251600,20.3
1030338000,20.4
1030424400,18.6
1030510800,17.4
1030597200,18.6
1030683600,19.3
1030770000,20.2
1030856400,20.6
1030942800,20.0
1031029200,22.3
1031115600,21.2
1031202000,17.7
1031288400,17.5
1031374800,22.4
1031461200,24.6
1031547600,26.8
1031634000,26.2
1031720400,17.4
1031806800,13.2
1031893200,19.8
1031979600,18.2
1032066000,20.1
1032152400,15.8
1032238800,17.6
1032325200,15.9
1032411600,19.1
1032498000,22.3
1032584400,23.1
1032670800,21.3
1032757200,17.3
1032843600,14.4
1032930000,15.6
1033016400,16.2
1033102800,14.7
1033189200,13.9
1033275600,9.3
1033362000,12.4
1033448400,18.9
1033534800,22.1
1033621200,12.9
1033707600,9.9
1033794000,16.8
1033880400,9.8
1033966800,13.9
1034053200,5.8
1034139600,6.5
1034226000,8.4
1034312400,10.9
1034398800,13.3
1034485200,14.1
1034571600,6.5
1034658000,4.8
1034744400,8.6
1034830800,4.8
1034917200,5.6
1035003600,7.4
1035090000,5.5
1035176400,2.6
1035262800,1.6
1035349200,1.3
1035435600,4.1
1035522000,4.0
1035608400,5.5
1035694800,3.9
1035781200,3.2
1035867600,0.3
1035954000,-0.8
1036040400,0.2
1036126800,1.2
1036213200,-4.2
1036299600,-3.4
1036386000,-1.1
1036472400,0.2
1036558800,1.1
1036645200,-3.4
1036731600,0.4
1036818000,8.3
1036904400,7.9
1036990800,14.9
1037077200,6.7
1037163600,4.7
1037250000,4.4
1037336400,5.5
1037422800,-4.7
1037509200,-2.6
1037595600,-1.6
1037682000,-1.2
1037768400,3.6
1037854800,4.6
1037941200,4.4
1038027600,0.9
1038114000,-0.1
1038200400,-1.3
1038286800,-0.9
1038373200,-3.8
1038459600,-7.3
1038546000,-2.9
1038632400,1.4
1038718800,-4.6
1038805200,-9.2
1038891600,-13.2
1038978000,-12.3
1039064400,-6.9
1039150800,-3.6
1039237200,-1.2
1039323600,-2.1
1039410000,-14.0
1039496400,-2.6
1039582800,-1.1
1039669200,-1.4
1039755600,1.2
1039842000,0.9
1039928400,1.1
1040014800,-3.2
1040101200,-7.8
1040187600,-7.9
1040274000,-5.9
1040360400,1.6
1040446800,1.9
1040533200,2.1
1040619600,1.1
1040706000,-4.3
1040792400,-6.8
1040878800,-5.2
1040965200,-7.7
1041051600,-1.4
1041138000,-2.2
1041224400,-9.8
1041310800,-3.6
1041397200,-0.8
1041483600,-9.4
1041570000,-6.7
1041656400,-4.5
1041742800,-4.5
1041829200,-4.9
1041915600,-8.4
1042002000,-5.1
1042088400,-11.4
1042174800,-12.3
1042261200,-14.3
1042347600,-10.2
1042520400,-15.3
1042606800,-17.9
1042693200,-15.2
1042779600,-14.3
1042866000,-18.8
1042952400,-12.9
1043038800,-9.1
1043125200,-19.7
1043211600,-22.5
1043298000,-18.9
1043384400,-16.3
1043470800,-11.9
1043557200,-6.4
1043643600,-19.1
1043730000,-20.7
1043816400,-11.1
1043902800,-13.8
1043989200,-11.8
1044075600,-3.1
1044162000,0.2
1044248400,-2.5
1044334800,-0.3
1044421200,-9.1
1044507600,-11.3
1044594000,-8.5
1044680400,-10.3
1044766800,-5.7
1044853200,-8.6
1044939600,-17.2
1045026000,-16.3
1045112400,-21.1
1045198800,-21.1
1045285200,-21.2
1045371600,-23.1
1045458000,-18.7
1045544400,-10.6
1045630800,-3.3
1045717200,-0.8
1045803600,1.9
1045890000,-4.0
1045976400,-5.7
1046062800,-12.8
1046149200,-14.9
1046235600,-16.7
1046322000,-13.3
1046408400,-10.4
1046494800,-7.4
1046581200,-0.8
1046667600,-18.9
1046754000,-15.3
1046840400,-7.2
1046926800,-10.3
1047013200,-13.4
1047099600,-3.3
1047186000,-6.8
1047272400,-14.1
1047358800,-9.7
1047445200,-1.4
1047531600,-10.2
1047618000,-12.2
1047704400,-4.9
1047790800,-2.9
1047877200,2.4
1047963600,1.4
1048050000,-3.8
1048136400,-2.9
1048222800,3.3
1048309200,3.3
1048395600,2.6
1048482000,3.4
1048568400,5.4
1048654800,5.4
1048741200,3.9
1048827600,4.2
1048914000,10.2
1049000400,2.2
1049086800,-3.4
1049173200,-4.7
1049259600,-0.2
1049346000,-1.3
1049432400,-4.8
1049518800,-2.8
1049605200,-3.1
1049691600,-4.8
1049778000,-1.5
1049864400,0.1
1049950800,3.6
1050037200,7.0
1050123600,7.5
1050210000,3.7
1050296400,5.5
1050382800,12.9
1050469200,5.6
1050555600,-3.7
1050642000,2.7
1050728400,8.3
1050814800,12.7
1050901200,12.6
1050987600,9.8
1051074000,4.9
1051160400,2.4
1051246800,3.1
1051333200,4.4
1051419600,8.9
1051506000,14.7
1051592400,13.1
1051678800,8.6
1051765200,9.6
1051851600,7.3
1051938000,6.7
1052024400,11.7
1052110800,14.8
1052197200,12.4
1052283600,10.6
1052370000,13.3
1052456400,10.1
1052542800,11.8
1052629200,13.6
1052715600,12.9
1052802000,9.9
1052888400,12.2
1052974800,14.8
1053061200,15.1
1053147600,15.0
1053234000,16.8
1053320400,20.1
1053406800,21.5
1053493200,15.3
1053579600,12.8
1053666000,14.6
1053752400,12.5
1053838800,13.4
1053925200,13.9
1054011600,15.2
1054098000,15.9
1054184400,15.9
1054270800,14.7
1054357200,15.1
1054443600,11.1
1054530000,12.1
1054616400,14.3
1054702800,15.2
1054789200,16.7
1054875600,17.7
1054962000,19.9
1055048400,20.2
1055134800,20.1
1055221200,16.3
1055307600,16.9
1055394000,16.1
1055480400,16.0
1055566800,14.7
1055653200,16.5
1055739600,16.7
1055826000,18.6
1055912400,21.2
1055998800,18.9
1056085200,17.9
1056171600,20.3
1056258000,21.6
1056344400,24.2
1056430800,25.5
1056517200,25.9
1056603600,27.6
1056690000,24.7
1056776400,21.2
1056862800,23.9
1056949200,21.7
1057035600,20.8
1057122000,21.4
1057208400,24.5
1057294800,25.6
1057381200,25.8
1057467600,25.1
1057554000,23.8
1057640400,24.6
1057726800,21.8
1057813200,20.2
1057899600,17.9
1057986000,19.8
1058072400,19.1
1058158800,21.8
1058245200,23.3
1058331600,23.6
1058418000,22.3
1058504400,19.7
1058590800,18.5
1058677200,20.6
1058763600,21.2
1058850000,21.1
1058936400,20.7
1059022800,19.3
1059109200,21.7
1059195600,22.6
1059282000,22.2
1059368400,18.8
1059454800,20.9
1059541200,21.6
1059627600,23.9
1059714000,22.8
1059800400,20.7
1059886800,24.1
1059973200,24.6
1060059600,24.1
1060146000,22.4
1060232400,22.6
1060318800,22.9
1060405200,22.4
1060491600,22.7
1060578000,23.2
1060664400,24.3
1060750800,24.5
1060837200,25.0
1060923600,25.1
1061010000,25.1
1061096400,20.4
1061182800,22.1
1061269200,23.6
1061355600,24.6
1061442000,24.9
1061528400,25.6
1061614800,19.7
1061701200,16.3
1061787600,17.4
1061874000,18.9
1061960400,20.2
1062046800,14.8
1062133200,15.8
1062219600,17.7
1062306000,15.9
1062392400,18.8
1062478800,17.8
1062565200,17.9
1062651600,20.1
1062738000,18.1
1062824400,17.4
1062910800,17.1
1062997200,14.9
1063083600,14.8
1063170000,15.3
1063256400,20.8
1063342800,21.4
1063429200,19.3
1063515600,23.9
1063602000,23.7
1063688400,20.4
1063774800,18.2
1063861200,18.0
1063947600,20.0
1064034000,20.6
1064120400,17.3
1064206800,17.9
1064293200,17.7
1064379600,16.2
1064466000,15.9
1064552400,13.6
1064638800,19.5
1064725200,15.7
1064811600,13.2
1064898000,11.5
1064984400,9.6
1065070800,7.7
1065157200,6.4
1065243600,8.9
1065330000,7.4
1065416400,6.4
1065502800,7.4
1065589200,13.4
1065675600,14.1
1065762000,13.1
1065848400,14.9
1065934800,15.1
1066021200,12.8
1066107600,12.7
1066194000,11.8
1066280400,7.3
1066366800,5.7
1066453200,5.2
1066539600,3.5
1066626000,4.0
1066712400,3.3
1066798800,2.4
1066885200,2.8
1066971600,3.8
1067058000,5.0
1067144400,6.8
1067230800,6.5
1067317200,7.1
1067403600,6.8
1067490000,7.8
1067576400,10.3
1067662800,15.2
1067749200,5.7
1067835600,5.5
1067922000,1.9
1068008400,4.5
1068094800,4.9
1068181200,3.4
1068267600,-2.6
1068354000,-3.7
1068440400,2.3
1068526800,3.3
1068613200,7.8
1068699600,6.7
1068786000,-2.4
1068872400,-2.6
1068958800,-2.2
1069045200,0.3
1069131600,2.2
1069218000,9.9
1069304400,7.8
1069390800,3.8
1069477200,3.0
1069563600,3.1
1069650000,5.9
1069736400,2.8
1069822800,1.4
1069909200,2.9
1069995600,3.7
1070082000,1.9
1070168400,1.0
1070254800,2.2
1070341200,-7.1
1070427600,-8.9
1070514000,-7.4
1070600400,-10.0
1070686800,-10.1
1070773200,-6.7
1070859600,-6.2
1070946000,-8.6
1071032400,-6.2
1071118800,3.4
1071205200,-1.8
1071291600,-11.0
1071378000,-11.7
1071464400,-5.9
1071550800,-8.1
1071637200,-1.7
1071723600,-2.4
1071810000,-6.1
1071896400,-9.3
1071982800,-8.2
1072069200,-1.6
1072155600,-0.4
1072242000,2.3
1072328400,2.4
1072414800,-1.6
1072501200,-3.7
1072587600,-5.1
1072674000,-3.9
1072760400,2.4
1072846800,-0.1
1072933200,-0.8
1073019600,-7.8
1073106000,-5.1
1073192400,1.4
1073278800,-7.8
1073365200,-9.8
1073451600,-12.1
1073538000,-22.4
1073624400,-23.8
1073710800,-22.6
1073797200,-17.8
1073883600,-14.6
1073970000,-13.5
1074056400,-25.8
1074142800,-25.7
1074229200,-20.7
1074315600,-15.4
1074402000,-10.9
1074488400,-11.6
1074574800,-11.7
1074661200,-12.9
1074747600,-10.4
1074834000,-17.6
1074920400,-21.7
1075006800,-22.9
1075093200,-21.7
1075179600,-19.8
1075266000,-12.8
1075352400,-10.7
1075438800,-14.7
1075525200,-13.9
1075611600,-10.0
1075698000,-8.9
1075784400,-6.7
1075870800,-2.1
1075957200,-8.8
1076043600,-9.9
1076130000,-6.8
1076216400,-14.4
1076302800,-4.2
1076389200,0.7
1076475600,-5.5
1076562000,-12.2
1076648400,-6.3
1076734800,-3.8
1076821200,-19.1
1076907600,-16.3
1076994000,-14.2
1077080400,-10.8
1077166800,-6.4
1077253200,-3.6
1077339600,-0.2
1077426000,-1.1
1077512400,-5.7
1077598800,-10.2
1077685200,-8.6
1077771600,-6.2
1077858000,-7.9
1077944400,-2.7
1078030800,1.9
1078117200,2.6
1078203600,4.5
1078290000,3.3
1078376400,1.4
1078462800,1.9
1078549200,3.9
1078635600,-1.6
1078722000,-1.6
1078808400,-2.4
1078894800,-0.9
1078981200,0.8
1079067600,1.8
1079154000,-5.0
1079240400,-4.4
1079326800,2.1
1079413200,-5.8
1079499600,-6.4
1079586000,-6.4
1079672400,-3.6
1079758800,-1.9
1079845200,-0.2
1079931600,-11.0
1080018000,-5.4
1080104400,-4.7
1080190800,2.2
1080277200,8.1
1080363600,7.7
1080450000,4.2
1080536400,5.7
1080622800,8.2
1080709200,6.7
1080795600,4.8
1080882000,3.0
1080968400,3.9
1081054800,3.1
1081141200,-4.2
1081227600,-0.6
1081314000,3.7
1081400400,4.1
1081486800,3.3
1081573200,2.1
1081659600,1.6
1081746000,3.6
1081832400,4.8
1081918800,5.5
1082005200,4.7
1082091600,5.4
1082178000,7.7
1082264400,8.1
1082350800,15.4
1082437200,8.1
1082523600,10.2
1082610000,14.6
1082696400,5.6
1082782800,7.1
1082869200,2.5
1082955600,8.3
1083042000,8.8
1083128400,5.6
1083214800,13.6
1083301200,20.6
1083387600,19.4
1083474000,18.6
1083560400,9.8
1083646800,6.3
1083733200,7.5
1083819600,10.3
1083906000,12.1
1083992400,6.2
1084078800,12.2
1084165200,13.3
1084251600,17.1
1084338000,17.3
1084424400,15.6
1084510800,17.7
1084597200,20.6
1084683600,13.4
1084770000,15.6
1084856400,18.6
1084942800,15.3
1085029200,17.2
1085115600,15.7
1085202000,14.1
1085288400,15.6
1085374800,12.7
1085461200,10.0
1085547600,13.3
1085634000,15.5
1085720400,16.3
1085806800,10.3
1085893200,12.4
1085979600,14.4
1086066000,13.1
1086152400,11.9
1086238800,13.6
1086325200,13.7
1086411600,16.6
1086498000,17.9
1086584400,18.3
1086670800,23.0
1086757200,25.4
1086843600,16.6
1086930000,14.6
1087016400,15.6
1087102800,18.5
1087189200,21.4
1087275600,22.1
1087362000,18.8
1087448400,22.2
1087534800,23.2
1087621200,21.1
1087707600,15.6
1087794000,19.0
1087880400,18.3
1087966800,18.4
1088053200,21.1
1088139600,16.8
1088226000,15.0
1088312400,15.8
1088398800,16.6
1088485200,17.3
1088571600,17.7
1088658000,20.1
1088744400,21.9
1088830800,20.5
1088917200,22.8
1089003600,23.7
1089090000,20.7
1089176400,20.5
1089262800,22.2
1089349200,21.1
1089435600,20.7
1089522000,20.4
1089608400,23.0
1089694800,23.0
1089781200,22.2
1089867600,20.8
1089954000,20.6
1090040400,21.8
1090126800,23.1
1090213200,21.9
1090299600,23.0
1090386000,23.2
1090472400,25.6
1090558800,23.2
1090645200,18.3
1090731600,19.5
1090818000,19.6
1090904400,20.4
1090990800,19.1
1091077200,21.4
1091163600,24.3
1091250000,22.8
1091336400,24.3
1091422800,23.0
1091509200,22.3
1091595600,20.0
1091682000,17.3
1091768400,15.3
1091854800,15.6
1091941200,16.6
1092027600,20.1
1092114000,22.1
1092200400,21.3
1092286800,20.3
1092373200,18.6
1092459600,18.7
1092546000,19.2
1092632400,20.0
1092718800,20.6
1092805200,21.7
1092891600,21.8
1092978000,18.4
1093064400,18.9
1093150800,15.6
1093237200,18.7
1093323600,14.1
1093410000,17.5
1093496400,21.7
1093582800,22.8
1093669200,25.2
1093755600,21.6
1093842000,18.1
1093928400,18.8
1094014800,18.1
1094101200,13.0
1094187600,17.9
1094274000,19.9
1094360400,16.3
1094446800,19.2
1094533200,20.3
1094619600,17.5
1094706000,14.9
1094792400,16.9
1094878800,17.0
1094965200,18.9
1095051600,14.8
1095138000,15.8
1095224400,18.8
1095310800,19.8
1095397200,17.9
1095483600,12.9
1095570000,11.1
1095656400,11.9
1095742800,16.8
1095829200,19.1
1095915600,18.3
1096002000,18.5
1096088400,19.7
1096174800,15.2
1096261200,17.5
1096347600,16.7
1096434000,12.8
1096520400,11.7
1096606800,13.7
1096693200,15.2
1096779600,9.9
1096866000,10.6
1096952400,4.3
1097038800,10.2
1097125200,14.6
1097211600,17.2
1097298000,16.6
1097384400,12.1
1097470800,9.6
1097557200,9.3
1097643600,9.3
1097730000,11.6
1097816400,13.6
1097902800,13.1
1097989200,8.2
1098075600,6.4
1098162000,4.7
1098248400,5.6
1098334800,5.5
1098421200,5.6
1098507600,7.6
1098594000,6.3
1098680400,6.7
1098766800,4.9
1098853200,7.5
1098939600,3.2
1099026000,4.7
1099112400,8.2
1099198800,13.5
1099285200,7.3
1099371600,6.6
1099458000,4.8
1099544400,1.2
1099630800,4.2
1099717200,4.9
1099803600,6.0
1099890000,1.1
1099976400,-3.1
1100062800,-2.8
1100149200,3.2
1100235600,-2.6
1100322000,-4.0
1100408400,-2.1
1100494800,2.9
1100581200,3.1
1100667600,3.2
1100754000,5.0
1100840400,5.9
1100926800,0.8
1101013200,3.6
1101099600,4.1
1101186000,4.2
1101272400,6.7
1101358800,5.8
1101445200,-3.4
1101531600,-2.1
1101618000,6.2
1101704400,2.2
1101790800,0.6
1101877200,1.4
1101963600,-0.3
1102050000,-6.6
1102136400,-6.8
1102222800,-2.1
1102309200,-9.2
1102395600,-7.3
1102482000,0.8
1102568400,-2.0
1102654800,-2.7
1102741200,-1.7
1102827600,-2.7
1102914000,-4.3
1103000400,-8.1
1103086800,-13.4
1103173200,-3.3
1103259600,-3.1
1103346000,-12.8
1103432400,-4.3
1103518800,-22.5
1103605200,-21.5
1103691600,-12.6
1103778000,-1.0
1103864400,-10.7
1103950800,-13.4
1104037200,-13.9
1104123600,-13.2
1104210000,-11.1
1104296400,-2.5
1104382800,-8.9
1104469200,-0.3
1104555600,2.8
1104642000,-11.9
1104728400,-3.1
1104814800,-3.5
1104901200,-7.7
1104987600,-13.6
1105074000,-8.1
1105160400,-3.3
1105246800,-6.2
1105333200,-2.8
1105419600,-9.6
1105506000,-10.4
1105592400,2.9
1105678800,2.3
1105765200,-8.1
1105851600,-8.6
1105938000,-12.6
1106024400,-21.1
1106110800,-17.4
1106197200,-14.9
1106283600,-23.3
1106370000,-22.9
1106456400,-17.7
1106542800,-17.3
1106629200,-13.8
1106715600,-15.7
1106802000,-19.2
1106888400,-18.6
1106974800,-12.2
1107061200,-5.7
1107147600,-9.6
1107234000,-10.3
1107320400,-3.7
1107406800,-6.1
1107493200,-3.6
1107579600,-3.3
1107666000,-2.6
1107752400,0.8
1107838800,2.7
1107925200,0.4
1108011600,-4.3
1108098000,-5.9
1108184400,-3.7
1108270800,-7.1
1108357200,-8.1
1108443600,2.6
1108530000,1.6
1108616400,-6.2
1108702800,-8.8
1108789200,-13.4
1108875600,-13.0
1108962000,-11.2
1109048400,-6.9
1109134800,-8.8
1109221200,-12.5
1109307600,-11.1
1109394000,-10.9
1109480400,-9.6
1109566800,-8.7
1109653200,-5.5
1109739600,-5.3
1109826000,-10.3
1109912400,-8.5
1109998800,-6.0
1110085200,-0.9
1110171600,-8.9
1110258000,-9.7
1110344400,-13.2
1110430800,-12.0
1110517200,-6.4
1110603600,-2.7
1110690000,-3.0
1110776400,-2.8
1110862800,0.1
1110949200,-2.2
1111035600,-4.2
1111122000,-4.1
1111208400,-2.4
1111294800,-1.3
1111381200,-0.2
1111467600,0.2
1111554000,-0.8
1111640400,0.6
1111726800,2.1
1111813200,-1.8
1111899600,1.2
1111986000,3.9
1112072400,5.3
1112158800,5.6
1112245200,8.0
1112331600,7.0
1112418000,4.8
1112504400,6.2
1112590800,4.8
1112677200,5.7
1112763600,9.1
1112850000,6.3
1112936400,4.9
1113022800,5.0
1113109200,7.9
1113195600,3.8
1113282000,4.1
1113368400,5.3
1113454800,6.6
1113541200,6.7
1113627600,9.6
1113714000,13.1
1113800400,12.3
1113886800,14.1
1113973200,11.9
1114059600,4.6
1114146000,6.4
1114232400,8.1
1114318800,10.3
1114405200,7.8
1114491600,10.2
1114578000,12.3
1114664400,8.6
1114750800,7.7
1114837200,8.8
1114923600,9.1
1115010000,7.1
1115096400,6.8
1115182800,7.3
1115269200,8.9
1115355600,12.5
1115442000,12.8
1115528400,11.7
1115614800,12.9
1115701200,18.5
1115787600,20.2
1115874000,7.3
1115960400,7.4
1116046800,10.3
1116133200,10.7
1116219600,12.9
1116306000,10.9
1116392400,11.2
1116478800,11.1
1116565200,13.1
1116651600,11.3
1116738000,9.7
1116824400,10.0
1116910800,12.8
1116997200,14.8
1117083600,12.9
1117170000,11.9
1117256400,14.8
1117342800,15.8
1117429200,15.4
1117515600,17.3
1117602000,19.4
1117688400,20.6
1117774800,22.0
1117861200,23.1
1117947600,23.0
1118034000,22.2
1118120400,24.2
1118206800,17.4
1118293200,20.0
1118379600,24.6
1118466000,26.4
1118552400,27.0
1118638800,26.9
1118725200,21.1
1118811600,17.5
1118898000,17.6
1118984400,14.6
1119070800,12.9
1119157200,16.3
1119243600,18.6
1119330000,22.0
1119416400,19.2
1119502800,16.8
1119589200,22.2
1119675600,27.0
1119762000,25.2
1119848400,25.4
1119934800,27.7
1120021200,25.7
1120107600,24.9
1120194000,25.5
1120280400,19.8
1120366800,21.2
1120453200,23.6
1120539600,23.8
1120626000,20.1
1120712400,20.0
1120798800,21.4
1120885200,19.7
1120971600,22.5
1121058000,26.8
1121144400,25.7
1121230800,24.1
1121317200,24.6
1121403600,23.9
1121490000,24.9
1121576400,25.2
1121662800,27.1
1121749200,27.5
1121835600,23.9
1121922000,24.2
1122008400,24.2
1122094800,20.7
1122181200,20.1
1122267600,25.2
1122354000,24.6
1122440400,20.7
1122526800,17.4
1122613200,21.2
1122699600,18.9
1122786000,20.7
1122872400,22.3
1122958800,23.9
1123045200,24.0
1123131600,25.0
1123218000,26.1
1123304400,21.5
1123390800,23.1
1123477200,25.1
1123563600,25.7
1123650000,25.9
1123736400,23.6
1123822800,21.8
1123909200,22.8
1123995600,22.2
1124082000,21.4
1124168400,23.0
1124254800,21.2
1124341200,14.9
1124427600,18.4
1124514000,20.3
1124600400,23.1
1124686800,20.0
1124773200,16.9
1124859600,16.6
1124946000,19.9
1125032400,21.9
1125118800,22.3
1125205200,23.2
1125291600,22.7
1125378000,23.7
1125464400,21.1
1125550800,20.8
1125637200,22.1
1125723600,19.2
1125810000,17.9
1125896400,16.3
1125982800,18.9
1126069200,21.6
1126155600,19.0
1126242000,15.7
1126328400,12.7
1126414800,15.5
1126501200,22.7
1126587600,24.0
1126674000,23.8
1126760400,21.9
1126846800,18.7
1126933200,16.3
1127019600,16.2
1127106000,18.2
1127192400,20.5
1127278800,17.9
1127365200,19.9
1127451600,18.7
1127538000,11.5
1127624400,14.7
1127710800,18.2
1127797200,14.1
1127883600,15.8
1127970000,15.1
1128056400,9.2
1128142800,13.8
1128229200,17.6
1128315600,18.2
1128402000,20.0
1128488400,20.6
1128574800,20.2
1128661200,17.2
1128747600,8.2
1128834000,8.9
1128920400,9.9
1129006800,10.9
1129093200,10.1
1129179600,10.4
1129266000,12.0
1129352400,13.4
1129438800,10.8
1129525200,9.6
1129611600,7.9
1129698000,8.9
1129784400,6.2
1129870800,4.1
1129957200,4.5
1130043600,7.2
1130130000,6.6
1130216400,5.9
1130302800,3.4
1130389200,4.1
1130475600,4.0
1130562000,3.3
1130648400,7.3
1130734800,11.8
1130821200,12.9
1130907600,7.2
1130994000,7.7
1131080400,5.4
1131166800,3.4
1131253200,6.1
1131339600,9.2
1131426000,5.4
1131512400,0.5
1131598800,5.4
1131685200,0.0
1131771600,0.4
1131858000,6.8
1131944400,9.6
1132030800,1.4
1132117200,6.8
1132203600,4.3
1132290000,-3.7
1132376400,-1.7
1132462800,3.6
1132549200,7.4
1132635600,3.3
1132722000,-5.1
1132808400,-6.2
1132894800,-7.7
1132981200,-8.6
1133067600,-4.8
1133154000,-0.3
1133240400,12.7
1133326800,9.1
1133413200,3.3
1133499600,1.4
1133586000,-4.9
1133672400,-3.7
1133758800,-1.7
1133845200,-3.9
1133931600,-7.2
1134018000,-8.9
1134104400,-6.7
1134190800,-1.4
1134277200,-1.3
1134363600,-6.7
1134450000,-14.0
1134536400,-15.3
1134622800,-14.1
1134709200,-6.8
1134795600,-2.5
1134882000,-2.3
1134968400,-4.8
1135054800,-4.3
1135141200,-13.8
1135227600,-11.1
1135314000,1.1
1135400400,1.2
1135486800,1.0
1135573200,-1.4
1135659600,-5.7
1135746000,-3.2
1135832400,-0.8
1135918800,-3.7
1136005200,-12.7
1136091600,-10.3
1136178000,-6.4
1136264400,-7.2
1136350800,-8.5
1136437200,-2.8
1136523600,-5.1
1136610000,-13.4
1136696400,-9.6
1136782800,-5.1
1136869200,-2.4
1136955600,-1.8
1137042000,2.1
1137128400,2.8
1137214800,3.6
1137301200,-10.9
1137387600,-15.7
1137474000,-11.7
1137560400,0.4
1137646800,-0.2
1137733200,0.6
1137819600,1.0
1137906000,-8.4
1137992400,-6.9
1138078800,-1.6
1138165200,-0.1
1138251600,-4.5
1138338000,-9.7
1138424400,2.7
1138510800,-2.6
1138597200,-5.5
1138683600,-2.6
1138770000,-3.1
1138856400,-0.9
1138942800,1.3
1139029200,3.2
1139115600,2.9
1139202000,-4.4
1139288400,-8.2
1139374800,-9.0
1139461200,-11.7
1139547600,-13.9
1139634000,-11.8
1139720400,-10.8
1139806800,-8.6
1139893200,-4.1
1139979600,1.3
1140066000,-3.1
1140152400,-5.2
1140238800,-15.9
1140325200,-13.6
1140411600,-6.3
1140498000,-4.1
1140584400,-4.3
1140670800,-1.9
1140757200,-3.7
1140843600,-13.0
1140930000,-12.6
1141016400,-15.6
1141102800,-12.4
1141189200,-12.3
1141275600,-5.7
1141362000,-9.8
1141448400,-5.4
1141534800,-3.3
1141621200,-5.4
1141707600,-5.6
1141794000,-6.1
1141880400,-1.8
1141966800,5.2
1142053200,4.9
1142139600,3.0
1142226000,3.9
1142312400,3.2
1142398800,-2.7
1142485200,-4.3
1142571600,-5.9
1142658000,-7.4
1142744400,-6.1
1142830800,-6.1
1142917200,-3.3
1143003600,-0.4
1143090000,2.7
1143176400,3.9
1143262800,5.1
1143349200,4.9
1143435600,2.7
1143522000,3.9
1143608400,5.9
1143694800,8.6
1143781200,11.5
1143867600,12.8
1143954000,5.4
1144040400,6.6
1144126800,4.3
1144213200,0.1
1144299600,3.7
1144386000,5.2
1144472400,-0.4
1144558800,2.4
1144645200,6.7
1144731600,9.4
1144818000,13.7
1144904400,12.4
1144990800,7.6
1145077200,11.8
1145163600,7.4
1145250000,8.7
1145336400,12.3
1145422800,15.1
1145509200,14.4
1145595600,12.6
1145682000,11.6
1145768400,6.2
1145854800,7.8
1145941200,6.9
1146027600,5.3
1146114000,4.3
1146200400,5.3
1146286800,9.1
1146373200,13.1
1146459600,15.7
1146546000,13.4
1146632400,10.2
1146718800,14.4
1146805200,15.6
1146891600,10.9
1146978000,5.9
1147064400,12.7
1147150800,17.3
1147237200,16.6
1147323600,16.8
1147410000,16.7
1147496400,12.9
1147582800,14.6
1147669200,15.1
1147755600,14.2
1147842000,12.9
1147928400,12.9
1148014800,10.8
1148101200,10.8
1148187600,9.8
1148274000,7.6
1148360400,9.8
1148446800,14.1
1148533200,16.6
1148619600,19.5
1148706000,18.8
1148792400,19.4
1148878800,22.5
1148965200,22.3
1149051600,22.6
1149138000,20.4
1149224400,18.8
1149310800,16.9
1149397200,16.1
1149483600,17.8
1149570000,21.0
1149656400,22.1
1149742800,16.6
1149829200,13.9
1149915600,12.6
1150002000,12.6
1150088400,16.8
1150174800,18.5
1150261200,20.2
1150347600,19.8
1150434000,20.7
1150520400,21.6
1150606800,24.8
1150693200,25.6
1150779600,20.4
1150866000,17.8
1150952400,21.8
1151038800,20.8
1151125200,20.0
1151211600,21.5
1151298000,22.8
1151384400,22.8
1151470800,21.8
1151557200,22.9
1151643600,18.8
1151730000,19.7
1151816400,23.4
1151902800,20.5
1151989200,23.2
1152075600,20.1
1152162000,18.5
1152248400,20.9
1152334800,23.3
1152421200,23.3
1152507600,23.9
1152594000,23.1
1152680400,23.0
1152766800,23.8
1152853200,26.1
1152939600,24.3
1153026000,25.3
1153112400,27.7
1153198800,24.2
1153285200,21.9
1153371600,24.7
1153458000,24.3
1153544400,20.7
1153630800,20.3
1153717200,21.4
1153803600,22.3
1153890000,23.4
1153976400,25.6
1154062800,24.1
1154149200,25.1
1154235600,20.3
1154322000,21.9
1154408400,26.4
1154494800,26.6
1154581200,21.8
1154667600,24.6
1154754000,19.7
1154840400,20.6
1154926800,24.7
1155013200,21.2
1155099600,19.7
1155186000,20.0
1155272400,17.0
1155358800,15.8
1155445200,16.7
1155531600,20.4
1155618000,21.6
1155704400,21.0
1155790800,20.1
1155877200,22.9
1155963600,24.7
1156050000,18.8
1156136400,18.8
1156222800,20.4
1156309200,16.7
1156395600,15.3
1156482000,15.4
1156568400,15.9
1156654800,16.7
1156741200,17.3
1156827600,19.2
1156914000,17.4
1157000400,15.2
1157086800,17.9
1157173200,17.7
1157259600,15.7
1157346000,16.8
1157432400,17.9
1157518800,17.6
1157605200,16.9
1157691600,19.8
1157778000,16.9
1157864400,12.8
1157950800,12.7
1158037200,13.6
1158123600,13.4
1158210000,15.3
1158296400,17.6
1158382800,17.4
1158469200,18.3
1158555600,20.9
1158642000,19.6
1158728400,14.8
1158814800,10.8
1158901200,12.4
1158987600,14.2
1159074000,18.1
1159160400,11.4
1159246800,12.8
1159333200,13.3
1159419600,16.6
1159506000,12.0
1159592400,9.4
1159678800,12.1
1159765200,12.0
1159851600,13.1
1159938000,15.2
1160024400,8.4
1160110800,8.9
1160197200,8.8
1160283600,12.6
1160370000,14.9
1160456400,9.9
1160542800,10.9
1160629200,12.9
1160715600,6.7
1160802000,6.1
1160888400,5.7
1160974800,8.2
1161061200,8.4
1161147600,11.4
1161234000,13.3
1161320400,7.7
1161406800,4.2
1161493200,1.8
1161579600,4.1
1161666000,5.0
1161752400,6.2
1161838800,5.7
1161925200,3.7
1162011600,5.9
1162098000,4.2
1162184400,5.0
1162270800,2.6
1162357200,5.8
1162443600,4.5
1162530000,1.8
1162616400,0.1
1162702800,2.0
1162789200,6.0
1162875600,5.4
1162962000,7.9
1163048400,8.4
1163134800,8.1
1163221200,4.1
1163307600,2.9
1163394000,5.4
1163480400,7.5
1163566800,8.5
1163653200,10.8
1163739600,13.4
1163826000,3.4
1163912400,2.2
1163998800,0.2
1164085200,0.0
1164171600,1.8
1164258000,0.8
1164344400,1.2
1164430800,1.4
1164517200,3.3
1164603600,5.1
1164690000,0.6
1164776400,4.4
1164862800,13.7
1164949200,2.2
1165035600,0.8
1165122000,-3.5
1165208400,-4.2
1165294800,-9.2
1165381200,-3.6
1165467600,0.9
1165554000,-9.9
1165640400,-2.3
1165726800,2.8
1165813200,2.1
1165899600,-1.2
1165986000,3.1
1166072400,6.4
1166158800,7.5
1166245200,4.7
1166331600,3.7
1166418000,3.9
1166504400,-1.4
1166590800,-0.8
1166677200,3.3
1166763600,-2.8
1166850000,3.3
1166936400,4.9
1167022800,2.4
1167109200,1.9
1167195600,-3.8
1167282000,-6.7
1167368400,-11.7
1167454800,-8.4
1167541200,-6.8
1167627600,0.8
1167714000,0.9
1167800400,2.4
1167886800,5.4
1167973200,6.6
1168059600,7.7
1168146000,3.6
1168232400,3.1
1168318800,1.2
1168405200,-6.6
1168491600,-9.1
1168578000,1.6
1168664400,-1.4
1168750800,-7.3
1168837200,-6.7
1168923600,-11.2
1169010000,-20.2
1169096400,-9.7
1169182800,-3.1
1169269200,-9.0
1169355600,-15.7
1169442000,-11.5
1169528400,-9.4
1169614800,-6.8
1169701200,-16.6
1169787600,-19.3
1169874000,-17.7
1169960400,-13.4
1170046800,-15.8
1170133200,-18.2
1170219600,-15.3
1170306000,-8.2
1170392400,-3.6
1170478800,-5.5
1170565200,-10.0
1170651600,-18.3
1170738000,-14.8
1170824400,-13.6
1170910800,-12.7
1170997200,-13.7
1171083600,-10.8
1171170000,-10.1
1171256400,-9.1
1171342800,-18.8
1171429200,-15.0
1171515600,-15.1
1171602000,-12.2
1171688400,-6.2
1171774800,-7.1
1171861200,-18.1
1171947600,-13.6
1172034000,-8.7
1172120400,-7.3
1172206800,-8.7
1172293200,-10.6
1172379600,-8.3
1172466000,-6.4
1172552400,-5.6
1172638800,-4.6
1172725200,-7.1
1172811600,-5.3
1172898000,0.0
1172984400,-1.4
1173070800,-5.0
1173157200,-19.3
1173243600,-17.4
1173330000,-14.8
1173416400,-16.4
1173502800,-5.7
1173589200,2.1
1173675600,1.8
1173762000,4.0
1173848400,6.0
1173934800,1.9
1174021200,-7.8
1174107600,-5.9
1174194000,-5.2
1174280400,-3.9
1174366800,-4.8
1174453200,-6.9
1174539600,4.1
1174626000,4.7
1174712400,1.9
1174798800,1.1
1174885200,3.2
1174971600,6.8
1175058000,4.3
1175144400,2.2
1175230800,4.1
1175317200,1.5
1175403600,5.4
1175490000,6.6
1175576400,6.8
1175662800,3.7
1175749200,0.9
1175835600,-2.2
1175922000,-2.6
1176008400,-1.9
1176094800,1.3
1176181200,1.9
1176267600,0.6
1176354000,2.7
1176440400,1.3
1176526800,3.8
1176613200,3.9
1176699600,2.3
1176786000,2.9
1176872400,6.7
1176958800,8.9
1177045200,12.0
1177131600,12.7
1177218000,13.8
1177304400,18.2
1177390800,11.3
1177477200,8.1
1177563600,9.5
1177650000,11.2
1177736400,8.9
1177822800,8.1
1177909200,10.1
1177995600,7.9
1178082000,9.5
1178168400,9.6
1178254800,10.4
1178341200,10.8
1178427600,9.3
1178514000,13.2
1178600400,18.4
1178686800,21.0
1178773200,22.3
1178859600,19.7
1178946000,9.8
1179032400,9.6
1179118800,13.6
1179205200,13.2
1179291600,9.0
1179378000,4.6
1179464400,7.9
1179550800,11.9
1179637200,13.8
1179723600,10.8
1179810000,12.9
1179896400,17.5
1179982800,21.3
1180069200,24.3
1180155600,20.6
1180242000,15.4
1180328400,16.4
1180414800,16.3
1180501200,17.3
1180587600,16.3
1180674000,18.6
1180760400,20.5
1180846800,18.2
1180933200,18.6
1181019600,17.3
1181106000,9.9
1181192400,12.8
1181278800,20.4
1181365200,22.3
1181451600,20.3
1181538000,23.6
1181624400,24.6
1181710800,22.3
1181797200,21.1
1181883600,21.9
1181970000,24.6
1182056400,23.1
1182142800,19.8
1182229200,24.3
1182315600,22.1
1182402000,17.4
1182488400,17.0
1182574800,15.4
1182661200,17.3
1182747600,21.5
1182834000,25.8
1182920400,27.7
1183006800,22.8
1183093200,16.3
1183179600,15.9
1183266000,14.2
1183352400,15.8
1183438800,18.1
1183525200,19.9
1183611600,18.9
1183698000,21.1
1183784400,18.9
1183870800,18.7
1183957200,19.1
1184043600,21.4
1184130000,24.4
1184216400,19.2
1184302800,18.9
1184389200,17.8
1184475600,20.4
1184562000,19.9
1184648400,20.9
1184734800,21.6
1184821200,19.7
1184907600,17.0
1184994000,18.8
1185080400,20.1
1185166800,21.3
1185253200,24.3
1185339600,23.2
1185426000,25.2
1185512400,25.5
1185598800,22.9
1185685200,22.2
1185771600,22.6
1185858000,24.9
1185944400,23.9
1186030800,27.1
1186117200,27.7
1186203600,22.9
1186290000,18.9
1186376400,18.7
1186462800,21.5
1186549200,23.7
1186635600,18.7
1186722000,20.7
1186808400,22.3
1186894800,24.4
1186981200,22.8
1187067600,17.9
1187154000,20.1
1187240400,19.1
1187326800,17.7
1187413200,15.1
1187499600,15.1
1187586000,14.9
1187672400,16.8
1187758800,18.8
1187845200,19.9
1187931600,22.6
1188018000,24.7
1188104400,22.2
1188190800,18.9
1188363600,23.5
1188450000,19.3
1188536400,17.4
1188622800,17.1
1188709200,16.3
1188795600,20.9
1188882000,15.1
1188968400,13.8
1189054800,18.9
1189141200,25.2
1189227600,26.0
1189314000,16.2
1189400400,16.1
1189486800,17.2
1189573200,15.5
1189659600,12.7
1189746000,17.2
1189832400,14.6
1189918800,9.9
1190005200,13.4
1190091600,14.7
1190178000,17.2
1190264400,19.3
1190350800,19.0
1190437200,22.8
1190523600,17.7
1190610000,17.8
1190696400,21.6
1190782800,24.1
1190869200,16.6
1190955600,15.4
1191042000,13.2
1191128400,11.1
1191214800,16.2
1191301200,16.6
1191387600,19.3
1191474000,19.0
1191560400,18.2
1191646800,14.7
1191733200,10.7
1191819600,10.0
1191906000,9.8
1191992400,12.6
1192078800,11.8
1192165200,9.3
1192251600,5.8
1192338000,6.4
1192424400,7.8
1192510800,6.8
1192597200,6.9
1192683600,12.1
1192770000,16.3
1192856400,16.9
1192942800,16.2
1193029200,17.6
1193115600,15.1
1193202000,7.6
1193288400,8.4
1193374800,8.6
1193461200,12.8
1193547600,7.9
1193634000,2.3
1193720400,7.7
1193806800,9.5
1193893200,10.2
1193979600,3.5
1194066000,2.2
1194152400,4.7
1194238800,6.5
1194325200,7.5
1194411600,3.8
1194498000,0.6
1194584400,0.5
1194670800,-0.1
1194757200,-1.8
1194843600,2.5
1194930000,5.4
1195016400,7.4
1195102800,8.1
1195189200,2.7
1195275600,-0.6
1195362000,-1.1
1195448400,-1.0
1195534800,1.5
1195621200,0.9
1195707600,-0.8
1195794000,-5.1
1195880400,-6.5
1195966800,0.6
1196053200,2.5
1196139600,1.3
1196226000,-5.2
1196312400,-0.7
1196398800,-2.1
1196485200,-9.0
1196571600,-12.7
1196658000,-6.7
1196744400,-6.7
1196830800,-6.6
1196917200,-10.0
1197003600,-3.9
1197090000,-1.9
1197176400,-11.7
1197262800,-9.2
1197349200,-5.0
1197435600,-1.1
1197522000,-12.1
1197608400,-9.0
1197694800,-15.4
1197781200,-14.4
1197867600,-11.2
1197954000,-13.2
1198040400,-10.7
1198126800,-7.8
1198213200,-5.7
1198299600,-1.8
1198386000,3.0
1198472400,-0.2
1198558800,0.4
1198645200,0.2
1198731600,-0.1
1198818000,-0.1
1198904400,1.6
1198990800,-0.7
1199077200,-3.8
1199163600,-4.1
1199250000,-11.5
1199336400,-19.7
1199422800,-9.8
1199509200,-1.9
1199595600,1.1
1199682000,3.1
1199768400,6.6
1199854800,6.8
1199941200,2.4
1200027600,0.7
1200114000,2.3
1200200400,-4.6
1200286800,-5.1
1200373200,-6.9
1200459600,-8.6
1200546000,-8.2
1200632400,-1.2
1200718800,-3.8
1200805200,-13.1
1200891600,-16.2
1200978000,-9.2
1201064400,-8.4
1201150800,-14.6
1201237200,-12.8
1201323600,-8.7
1201410000,-10.1
1201496400,-9.4
1201582800,-7.9
1201669200,-0.7
1201755600,-8.1
1201842000,-7.6
1201928400,-5.3
1202014800,-3.1
1202101200,-2.9
1202187600,-3.4
1202274000,-1.6
1202360400,-8.4
1202446800,-7.3
1202533200,-4.2
1202619600,-0.5
1202706000,-14.7
1202792400,-15.6
1202878800,-8.8
1202965200,-9.5
1203051600,-4.4
1203138000,-13.4
1203224400,-6.9
1203310800,3.4
1203397200,-0.6
1203483600,-9.8
1203570000,-13.2
1203656400,-9.4
1203742800,-7.9
1203829200,-5.8
1203915600,-2.3
1204002000,-0.9
1204088400,-6.4
1204174800,-13.4
1204261200,-15.3
1204347600,-5.8
1204434000,-6.4
1204520400,-3.1
1204606800,2.3
1204693200,-6.4
1204779600,-5.3
1204866000,0.0
1204952400,-1.5
1205038800,-8.2
1205125200,-9.7
1205211600,-7.1
1205298000,-1.3
1205384400,-8.6
1205470800,-6.1
1205557200,-4.0
1205643600,-1.5
1205730000,-6.1
1205816400,-4.2
1205902800,0.9
1205989200,1.8
1206075600,-5.6
1206162000,-6.3
1206248400,-7.7
1206334800,-7.9
1206421200,-4.7
1206507600,2.8
1206594000,1.1
1206680400,-0.4
1206766800,-5.1
1206853200,-3.8
1206939600,0.4
1207026000,4.7
1207112400,-0.2
1207198800,1.4
1207285200,1.4
1207371600,3.3
1207458000,4.6
1207544400,6.9
1207630800,7.9
1207717200,8.8
1207803600,7.4
1207890000,1.9
1207976400,1.9
1208062800,2.1
1208149200,3.9
1208235600,4.8
1208322000,9.2
1208408400,13.2
1208494800,14.0
1208581200,12.3
1208667600,11.5
1208754000,12.8
1208840400,15.4
1208926800,17.4
1209013200,13.6
1209099600,13.8
1209186000,14.3
1209272400,15.6
1209358800,11.9
1209445200,6.8
1209531600,3.9
1209618000,5.8
1209704400,9.3
1209790800,10.3
1209877200,10.0
1209963600,11.7
1210050000,13.9
1210136400,11.8
1210222800,13.8
1210309200,10.1
1210395600,13.1
1210482000,13.9
1210568400,14.3
1210654800,15.4
1210741200,17.6
1210827600,17.3
1210914000,12.3
1211000400,12.9
1211086800,12.8
1211173200,9.1
1211259600,10.6
1211346000,11.1
1211432400,9.7
1211518800,12.6
1211605200,15.5
1211691600,15.7
1211778000,16.7
1211864400,15.2
1211950800,9.6
1212037200,15.1
1212123600,15.6
1212210000,15.2
1212296400,14.7
1212382800,15.9
1212469200,15.0
1212555600,15.9
1212642000,17.3
1212728400,18.3
1212814800,23.0
1212901200,25.7
1212987600,24.0
1213074000,24.6
1213160400,20.4
1213246800,16.8
1213333200,21.0
1213419600,23.9
1213506000,23.1
1213592400,21.0
1213678800,17.8
1213765200,15.7
1213851600,15.4
1213938000,16.4
1214024400,18.7
1214110800,19.8
1214197200,18.7
1214283600,18.7
1214370000,19.9
1214456400,22.4
1214542800,22.2
1214629200,21.3
1214715600,23.1
1214802000,21.2
1214888400,20.9
1214974800,22.3
1215061200,21.4
1215147600,19.1
1215234000,21.8
1215320400,22.8
1215406800,24.1
1215493200,26.1
1215579600,24.3
1215666000,20.2
1215752400,18.9
1215838800,21.4
1215925200,23.2
1216011600,20.7
1216098000,20.5
1216184400,21.9
1216270800,23.1
1216357200,20.8
1216443600,22.6
1216530000,20.9
1216616400,21.1
1216702800,20.9
1216789200,20.9
1216875600,21.0
1216962000,21.7
1217048400,22.3
1217134800,21.5
1217221200,21.4
1217307600,20.8
1217394000,20.7
1217480400,22.4
1217566800,21.2
1217653200,21.9
1217739600,19.4
1217826000,20.1
1217912400,20.7
1217998800,19.5
1218085200,18.1
1218171600,18.3
1218258000,18.4
1218344400,20.3
1218430800,19.6
1218517200,19.2
1218603600,18.3
1218690000,18.7
1218776400,19.8
1218862800,19.6
1218949200,21.2
1219035600,22.5
1219122000,16.4
1219208400,15.8
1219294800,19.2
1219381200,22.1
1219467600,23.4
1219554000,22.9
1219640400,19.8
1219726800,15.4
1219813200,18.2
1219899600,20.6
1219986000,21.4
1220072400,21.3
1220158800,20.4
1220245200,20.6
1220331600,23.4
1220418000,23.6
1220504400,23.1
1220590800,23.1
1220677200,23.6
1220763600,16.7
1220850000,16.8
1220936400,16.3
1221022800,13.6
1221109200,13.6
1221195600,15.5
1221282000,17.9
1221368400,21.3
1221454800,19.9
1221541200,12.1
1221627600,15.7
1221714000,12.2
1221800400,10.5
1221886800,15.3
1221973200,14.5
1222059600,10.5
1222146000,8.6
1222318800,18.2
1222405200,17.3
1222491600,17.4
1222578000,18.6
1222664400,15.4
1222750800,15.9
1222837200,14.4
1222923600,10.3
1223010000,8.3
1223096400,9.2
1223182800,8.5
1223269200,7.3
1223355600,7.9
1223442000,10.2
1223528400,15.0
1223614800,13.9
1223701200,11.8
1223787600,11.4
1223874000,13.1
1223960400,15.9
1224046800,10.1
1224133200,11.8
1224219600,6.6
1224306000,5.2
1224392400,5.2
1224478800,6.9
1224565200,7.3
1224651600,3.3
1224738000,3.1
1224824400,5.6
1224910800,9.0
1224997200,11.4
1225083600,10.8
1225170000,7.1
1225256400,1.1
1225342800,1.4
1225429200,5.5
1225515600,4.5
1225602000,-0.7
1225688400,3.1
1225774800,9.7
1225861200,10.8
1225947600,10.3
1226034000,10.3
1226120400,8.2
1226206800,8.4
1226293200,5.7
1226379600,2.4
1226466000,0.4
1226552400,2.4
1226638800,9.8
1226725200,10.3
1226811600,7.3
1226898000,0.6
1226984400,-2.5
1227070800,-4.7
1227157200,-3.7
1227243600,-5.4
1227330000,-6.2
1227416400,-6.6
1227502800,-2.6
1227589200,1.3
1227675600,2.3
1227762000,1.0
1227848400,1.5
1227934800,0.1
1228021200,0.3
1228107600,2.6
1228194000,2.7
1228280400,1.2
1228366800,3.0
1228453200,-5.1
1228539600,-3.3
1228626000,-2.4
1228712400,-16.7
1228798800,-12.3
1228885200,-5.1
1228971600,-11.7
1229058000,-7.4
1229144400,-14.6
1229230800,-8.1
1229317200,3.1
1229403600,-3.8
1229490000,-6.4
1229576400,-4.2
1229662800,-12.3
1229749200,-16.0
1229835600,-16.6
1229922000,-13.3
1230008400,-15.7
1230094800,-3.6
1230181200,0.3
1230267600,-11.1
1230354000,-6.1
1230440400,3.9
1230526800,0.5
1230613200,-3.7
1230699600,-14.8
1230786000,-17.7
1230872400,-14.7
1230958800,-10.9
1231045200,-11.8
1231131600,-6.8
1231218000,-6.3
1231304400,-8.5
1231390800,-9.1
1231477200,-12.9
1231563600,-16.1
1231650000,-13.7
1231736400,-10.1
1231822800,-4.5
1231909200,-16.7
1231995600,-22.7
1232082000,-23.4
1232168400,-20.8
1232254800,-14.4
1232341200,-11.2
1232427600,-11.6
1232514000,-14.6
1232600400,-4.1
1232686800,-10.3
1232773200,-15.1
1232859600,-16.0
1232946000,-18.7
1233032400,-13.3
1233118800,-12.6
1233205200,-8.3
1233291600,-4.6
1233378000,-10.7
1233464400,-14.8
1233550800,-4.8
1233637200,-10.4
1233723600,-14.6
1233810000,-16.4
1233896400,-13.1
1233982800,-7.4
1234069200,1.4
1234155600,-9.5
1234242000,-7.4
1234328400,-0.5
1234414800,3.3
1234501200,-6.9
1234587600,-8.3
1234674000,-7.2
1234760400,-6.6
1234846800,-4.7
1234933200,-3.3
1235019600,0.3
1235106000,-8.5
1235192400,-7.0
1235278800,-4.4
1235365200,-5.9
1235451600,-9.5
1235538000,-7.6
1235624400,-2.0
1235710800,3.7
1235797200,-9.2
1235883600,-11.6
1235970000,-10.4
1236056400,-12.1
1236142800,-9.7
1236229200,-7.8
1236315600,0.2
1236402000,5.2
1236488400,3.3
1236574800,-2.5
1236661200,-1.1
1236747600,3.7
1236834000,-6.8
1236920400,-8.1
1237006800,-1.6
1237093200,3.1
1237179600,-0.3
1237266000,1.3
1237352400,6.1
1237438800,4.4
1237525200,-3.7
1237611600,-0.9
1237698000,0.6
1237784400,-5.9
1237870800,-2.0
1237957200,2.5
1238043600,3.9
1238130000,4.8
1238216400,7.2
1238302800,6.4
1238389200,4.5
1238475600,2.7
1238562000,4.4
1238648400,8.4
1238734800,10.6
1238821200,6.8
1238907600,3.7
1238994000,3.6
1239080400,3.1
1239166800,0.7
1239339600,4.1
1239426000,3.2
1239512400,0.7
1239598800,2.8
1239685200,4.8
1239771600,8.2
1239858000,8.4
1239944400,11.1
1240030800,10.6
1240117200,7.0
1240203600,9.6
1240290000,6.5
1240376400,8.8
1240462800,8.8
1240549200,9.6
1240635600,19.4
1240722000,14.6
1240808400,16.6
1240894800,18.3
1240981200,8.0
1241067600,13.0
1241154000,15.1
1241240400,10.8
1241326800,12.8
1241413200,14.4
1241499600,14.1
1241586000,12.9
1241672400,12.3
1241758800,14.1
1241845200,14.6
1241931600,9.3
1242018000,9.3
1242104400,11.2
1242190800,14.2
1242277200,15.4
1242363600,14.9
1242450000,13.8
1242536400,10.4
1242622800,7.6
1242709200,12.7
1242795600,10.8
1242882000,18.8
1242968400,18.9
1243054800,14.9
1243141200,18.2
1243227600,12.5
1243314000,10.3
1243400400,13.1
1243486800,12.4
1243573200,14.1
1243659600,14.2
1243746000,11.9
1243832400,9.2
1243918800,12.0
1244005200,14.0
1244091600,14.3
1244178000,16.6
1244264400,18.9
1244350800,14.9
1244437200,13.0
1244523600,13.8
1244610000,14.8
1244696400,17.7
1244782800,19.3
1244869200,19.3
1244955600,19.8
1245042000,18.4
1245128400,18.1
1245214800,20.2
1245301200,17.2
1245387600,16.3
1245474000,18.7
1245560400,21.1
1245646800,20.4
1245733200,21.6
1245819600,23.7
1245906000,24.8
1245992400,23.1
1246078800,19.3
1246165200,20.8
1246251600,20.2
1246338000,20.8
1246424400,20.7
1246510800,20.7
1246597200,19.9
1246683600,18.2
1246770000,18.1
1246856400,18.9
1246942800,17.4
1247029200,17.2
1247115600,18.4
1247202000,20.6
1247288400,20.8
1247374800,18.6
1247461200,15.9
1247547600,15.2
1247634000,16.3
1247720400,20.0
1247806800,21.1
1247893200,20.6
1247979600,18.8
1248066000,20.1
1248152400,21.9
1248238800,19.7
1248325200,21.1
1248411600,22.1
1248498000,20.3
1248584400,19.5
1248670800,21.6
1248757200,23.6
1248843600,24.9
1248930000,22.7
1249016400,20.8
1249102800,22.3
1249189200,21.5
1249275600,20.0
1249362000,22.8
1249448400,20.9
1249534800,19.6
1249621200,17.8
1249707600,16.8
1249794000,19.7
1249880400,23.2
1249966800,22.2
1250053200,22.3
1250139600,23.2
1250226000,25.0
1250312400,25.4
1250398800,25.8
1250485200,26.5
1250571600,26.3
1250658000,23.9
1250744400,20.6
1250830800,23.1
1250917200,24.4
1251003600,23.1
1251090000,21.4
1251176400,20.3
1251262800,21.6
1251349200,14.2
1251435600,14.5
1251522000,15.4
1251608400,16.7
1251694800,15.1
1251781200,15.6
1251867600,18.8
1251954000,20.1
1252040400,20.4
1252126800,17.2
1252213200,15.6
1252299600,15.9
1252386000,19.9
1252472400,18.5
1252558800,16.7
1252645200,16.4
1252731600,16.9
1252818000,18.1
1252904400,15.4
1252990800,15.4
1253077200,13.9
1253163600,13.3
1253250000,15.1
1253336400,11.1
1253422800,13.5
1253509200,16.7
1253595600,18.0
1253682000,21.0
1253768400,15.3
1253854800,11.9
1253941200,11.2
1254027600,13.9
1254114000,15.3
1254200400,12.6
1254286800,9.0
1254373200,6.6
1254459600,7.6
1254546000,12.2
1254632400,12.8
1254718800,12.6
1254805200,10.9
1254891600,12.1
1254978000,10.7
1255064400,10.9
1255150800,9.7
1255237200,7.5
1255323600,5.4
1255410000,5.2
1255496400,2.4
1255582800,2.4
1255669200,2.1
1255755600,2.7
1255842000,3.5
1255928400,4.2
1256014800,10.1
1256101200,9.1
1256187600,3.7
1256274000,1.1
1256360400,7.2
1256446800,9.7
1256533200,3.9
1256619600,6.5
1256706000,5.5
1256792400,5.5
1256878800,8.2
1256965200,11.9
1257051600,8.6
1257138000,5.6
1257224400,7.1
1257310800,2.6
1257397200,2.4
1257483600,2.3
1257570000,1.1
1257656400,9.9
1257742800,10.8
1257829200,10.1
1257915600,4.3
1258002000,1.9
1258088400,2.7
1258174800,3.6
1258261200,8.6
1258347600,6.6
1258434000,1.9
1258520400,0.7
1258606800,2.1
1258693200,5.8
1258779600,8.4
1258866000,3.5
1258952400,2.1
1259038800,2.7
1259125200,4.7
1259211600,7.6
1259298000,6.6
1259384400,5.2
1259470800,3.3
1259557200,1.2
1259643600,0.2
1259730000,2.8
1259816400,5.5
1259902800,4.1
1259989200,1.0
1260075600,-1.5
1260162000,-1.6
1260248400,-3.2
1260334800,-4.5
1260421200,-1.2
1260507600,-5.8
1260594000,-7.8
1260680400,-4.0
1260766800,-1.4
1260853200,-1.6
1260939600,-9.2
1261026000,-16.6
1261112400,-15.8
1261198800,-14.9
1261285200,-11.7
1261371600,-9.6
1261458000,-12.4
1261544400,-10.3
1261630800,-3.7
1261717200,-1.5
1261803600,-2.1
1261890000,0.9
1261976400,-0.5
1262062800,-10.1
1262149200,-14.5
1262235600,-7.1
